id,last_authenticated_scan_time,last_licensed_scan_time,sources
04578907-d7e5-4d65-b496-9f369e3a11a9,2026-09-06T04:02:35.243Z,2026-09-08T17:24:47.202Z,NESSUS_SCAN
052c31b0-8743-4f48-b27c-0a83cfb2f8b0,2026-09-06T04:02:35.243Z,2026-09-06T11:56:11.076Z,NESSUS_SCAN
08296c43-ef7d-4bb3-9f5e-5df0ab1638e0,2026-09-06T04:02:35.243Z,2026-09-08T17:24:47.202Z,NESSUS_SCAN
0a35d72c-a3f9-4cd9-a0e5-df130c59144f,2026-09-06T04:02:35.243Z,2026-09-08T17:24:47.202Z,NESSUS_SCAN
0bcbdb9a-3f1b-4ac4-bf69-9dd492ad01ed,2026-09-06T04:02:35.243Z,2026-09-08T17:24:47.202Z,NESSUS_SCAN
0fa26c7b-1c87-483e-882d-c0d5e979b2f2,2026-09-06T04:02:35.243Z,2026-09-06T11:59:53.383Z,NESSUS_SCAN
1ea1bfba-2131-496d-b8c4-8bccba67bc7e,2026-09-06T04:02:35.243Z,2026-09-08T17:24:47.202Z,NESSUS_SCAN
20cc3fb9-c553-42cd-937f-146389d90edd,2026-09-06T04:02:35.243Z,2026-09-08T17:24:47.202Z,NESSUS_SCAN
24c45e7d-f6ca-470e-bde3-f9830e074560,2026-09-06T04:02:35.243Z,2026-09-06T11:55:05.697Z,NESSUS_SCAN
2ae867c1-9346-436e-8486-9845c77f7a7d,2026-09-06T04:02:35.243Z,2026-09-06T12:02:41.621Z,NESSUS_SCAN
34566fa3-ca14-4c63-a749-486241fd124c,2026-09-06T04:02:35.243Z,2026-09-08T17:24:47.202Z,NESSUS_SCAN
37fcf8da-8123-43ca-a67c-4d9a39467913,2026-08-16T04:02:42.634Z,2026-09-08T17:24:47.202Z,NESSUS_SCAN
3fbb8fba-febb-474c-b3aa-ac913f0679de,2026-09-06T04:02:35.243Z,2026-09-08T17:24:47.202Z,NESSUS_SCAN
490b17c3-9a49-4902-a350-ecbbb2a81cbd,2026-09-06T04:02:35.243Z,2026-09-08T17:24:47.202Z,NESSUS_SCAN
4ee755fc-c2bd-48ba-9a52-be69a270cf30,2026-09-06T04:02:35.243Z,2026-09-06T12:24:29.103Z,NESSUS_SCAN
51ae70a7-3d42-4beb-a267-fc5bbd331e0b,2026-09-06T04:02:35.243Z,2026-09-08T17:24:47.202Z,NESSUS_SCAN
58809d5c-7049-4da0-89f0-3e5c31137826,2026-09-06T04:02:35.243Z,2026-09-08T17:24:47.202Z,NESSUS_SCAN
676584b8-fdae-4911-9ed1-b5646b2dc042,2026-09-06T04:02:35.243Z,2026-09-06T12:05:17.204Z,NESSUS_SCAN
73c36963-fae9-4653-8c28-24bf34b0fc7f,2026-09-06T04:02:35.243Z,2026-09-08T17:24:47.202Z,NESSUS_SCAN
7c0b64f6-a2a5-4ad9-89cd-a5aadeadb52b,2026-09-06T04:02:35.243Z,2026-09-08T17:24:47.202Z,NESSUS_SCAN
884b8f47-249b-440a-9101-8bf0b9ca8f04,2026-05-03T04:02:22.072Z,2026-09-08T17:24:47.202Z,NESSUS_SCAN
8c13daaf-9d6b-4852-adad-2b1ecc942d86,2026-09-06T04:02:35.243Z,2026-09-08T17:24:47.202Z,NESSUS_SCAN
9237ac43-8c47-4960-8a48-85a25a6b6394,2026-09-06T04:02:35.243Z,2026-09-08T17:24:47.202Z,NESSUS_SCAN
ab6818c6-9900-4419-b432-eecfee643225,2026-09-06T04:02:35.243Z,2026-09-06T12:11:28.091Z,NESSUS_SCAN
ad0e74dd-3611-4cad-a631-4d6661ef48c5,2026-09-06T04:02:35.243Z,2026-09-08T17:24:47.202Z,NESSUS_SCAN
c1b84b2d-371c-4422-8170-4aef0ab49a50,2026-09-06T04:02:35.243Z,2026-09-08T17:24:47.202Z,NESSUS_SCAN
c4adf657-5807-4fbc-86d5-4d9ef679fac6,2026-09-06T04:02:35.243Z,2026-09-08T17:24:47.202Z,NESSUS_SCAN
d1d4e9b4-c358-4113-a1bf-cd9022d6407e,2026-09-06T04:02:35.243Z,2026-09-08T17:24:47.202Z,NESSUS_SCAN
d744457f-9def-4933-a113-90077c9c1919,2026-09-06T04:02:35.243Z,2026-09-08T17:24:47.202Z,NESSUS_SCAN
da5bccec-d33e-45dc-bfaf-777bf585f79f,2026-09-06T04:02:35.243Z,2026-09-08T17:24:47.202Z,NESSUS_SCAN
dd929593-3d12-47a3-a2ab-626013ffacdc,2026-09-06T04:02:35.243Z,2026-09-06T12:04:36.075Z,NESSUS_SCAN
e36effcb-c9ee-44ed-951b-848c001855d7,2026-09-06T04:02:35.243Z,2026-09-06T11:58:01.569Z,NESSUS_SCAN
e9295668-f567-4981-960a-3a01cf935fd2,2026-09-06T04:02:35.243Z,2026-09-06T12:06:36.574Z,NESSUS_SCAN
eb5381ef-e4a8-40d0-80bd-2d22d2d5467e,2026-09-06T04:02:35.243Z,2026-09-08T17:24:47.202Z,NESSUS_SCAN
ed529c8f-5554-4295-b9dc-10d099ead73f,2026-09-06T04:02:35.243Z,2026-09-08T17:24:47.202Z,NESSUS_SCAN
f31844d4-445b-48da-a398-2c3190033b3a,2026-09-06T04:02:35.243Z,2026-09-08T17:24:47.202Z,NESSUS_SCAN
f45b63fb-4e1f-487d-b9a8-ae456d0b7a9d,2026-09-06T04:02:35.243Z,2026-09-06T12:35:46.928Z,NESSUS_SCAN
