"FileName","FilePath","ApplicationName","Publisher","FileDescription","FileVersion","SHA256Hash","MD5Hash","LastWriteTime","LengthMB","Status"
"7z.exe","C:\Program Files\7-Zip\7z.exe","7-Zip","Igor Pavlov","7-Zip Console","25.00","634D38C0C414178E2F35DE5CC0FB29AA082EEC227E630C4481E1AF7694980AC9","458AC4303ED2D39C13C533BF779493A9","7/5/2025 4:00:00 PM","0.54","Processed"
"7zFM.exe","C:\Program Files\7-Zip\7zFM.exe","7-Zip","Igor Pavlov","7-Zip File Manager","25.00","2E030AA5CDF7C562C0ACC516E43265D031EC41F448F972D2C3882E9208AA3EB8","24C1B671B5421BA793D881E5BA6732B1","7/5/2025 4:00:00 PM","0.95","Processed"
"7zG.exe","C:\Program Files\7-Zip\7zG.exe","7-Zip","Igor Pavlov","7-Zip GUI","25.00","7B5EDA73C21960C451EA3148900B28CDBAC7180E43047FBC944028096E497C08","8BF6A5D08A05062EA3DB094C0025B1C5","7/5/2025 4:00:00 PM","0.69","Processed"
"AcroCEF.exe","C:\Program Files\Adobe\Acrobat DC\Acrobat\AcroCEF\AcroCEF.exe","","Adobe Systems Incorporated","Adobe AcroCEF","25.1.20531.0","7A6AEB7B409B31DE73FF67BC3FA3429CC73B733A57117C6C4030BFDA5B4FE4BF","723B0D6255D7D255AA51FF6DCEE7DE7B","6/6/2025 8:14:40 AM","3.53","Processed"
"AcroServicesUpdater.exe","C:\Program Files\Adobe\Acrobat DC\Acrobat\AcroCEF\AcroServicesUpdater.exe","","Adobe Systems Incorporated","Adobe WebInstaller 25.1","25.1.20531.0","D68C02CD6B12CD800E871A4E8D62F0782A1549BE41A72676BDE03BC13FDEB630","8EE6B740AA3BBE3BD4FF6763FC78D5CE","6/6/2025 8:14:40 AM","225.25","Processed"
"SingleClientServicesUpdater.exe","C:\Program Files\Adobe\Acrobat DC\Acrobat\AcroCEF\SingleClientServicesUpdater.exe","","Adobe Systems Incorporated","Adobe WebInstaller 25.1","25.1.20531.0","64457962754D19170DFB4D4866425C316807CCF2F45784F44AD65C7907230592","39E727E1FB161F093932858783B763D9","6/6/2025 8:14:40 AM","228.77","Processed"
"AcroCEF.exe","C:\Program Files\Adobe\Acrobat DC\Acrobat\acrocef_1\AcroCEF.exe","","Adobe Systems Incorporated","Adobe AcroCEF","25.1.20531.0","7A6AEB7B409B31DE73FF67BC3FA3429CC73B733A57117C6C4030BFDA5B4FE4BF","723B0D6255D7D255AA51FF6DCEE7DE7B","6/6/2025 8:14:40 AM","3.53","Processed"
"AcroServicesUpdater.exe","C:\Program Files\Adobe\Acrobat DC\Acrobat\acrocef_1\AcroServicesUpdater.exe","","Adobe Systems Incorporated","Adobe WebInstaller 25.1","25.1.20531.0","D68C02CD6B12CD800E871A4E8D62F0782A1549BE41A72676BDE03BC13FDEB630","8EE6B740AA3BBE3BD4FF6763FC78D5CE","6/6/2025 8:14:40 AM","225.25","Processed"
"SingleClientServicesUpdater.exe","C:\Program Files\Adobe\Acrobat DC\Acrobat\acrocef_1\SingleClientServicesUpdater.exe","","Adobe Systems Incorporated","Adobe WebInstaller 25.1","25.1.20531.0","64457962754D19170DFB4D4866425C316807CCF2F45784F44AD65C7907230592","39E727E1FB161F093932858783B763D9","6/6/2025 8:14:40 AM","228.77","Processed"
"FullTrustNotifier.exe","C:\Program Files\Adobe\Acrobat DC\Acrobat\ADCNotificationClient\FullTrustNotifier.exe",,,,,"168FAB3C871E7403B1CE6AA64C9A8F023DE20AC928FF44A2DB37C0747E9DD144","1967353E8B0FF8D602A649DDEE04216A","2/1/2021 9:49:20 PM","0.21","Processed"
"AcroShareTarget.exe","C:\Program Files\Adobe\Acrobat DC\Acrobat\Assets\MenuCoreApp\AcroShareTarget.exe","Adobe Acrobat Share Target","Adobe Inc.","Adobe Acrobat Share Target","24.2.20854.0","F8E5F96F5D1A4AF50EE6A35ECF9D629E1694D8397D681A7D1EB7683C2A3A653C","E240210A9388049C64045D7A10E51DCC","1/20/2025 10:42:36 PM","0.07","Processed"
"WCChromeNativeMessagingHost.exe","C:\Program Files\Adobe\Acrobat DC\Acrobat\Browser\WCChromeExtn\WCChromeNativeMessagingHost.exe","Adobe Create PDF","Adobe Systems Inc.","Adobe Create PDF plug-in listener for Chrome","25.1.20531.0","BA12B63EF2A0C6B7D6D5C382539FC10AC3016012BE9A0B7A4ED191E31042F1C2","4569E5A74BF4C34AE58D405052D1B485","6/6/2025 8:15:12 AM","0.26","Processed"
"Adobe_Acrobat_Diagnostics.exe","C:\Program Files\Adobe\Acrobat DC\Acrobat\Diagnostics\Adobe_Acrobat_Diagnostics.exe","Adobe Acrobat Diagnostics","","Adobe Acrobat Diagnostics","1.0.9187.13860","0C9B7BA1F3B4C307C88533ED760FFE5E8D44A252A42AB0A70476497EFCEF75A8","87441F845956DF0CFAE160C0995C6F81","4/9/2025 11:17:42 PM","0.35","Processed"
"adobe_licensing_wf_acro.exe","C:\Program Files\Adobe\Acrobat DC\Acrobat\NGL\cefWorkflow\adobe_licensing_wf_acro.exe","Adobe Licensing WF","Adobe Inc.","Adobe Licensing WF","1.12.0.7","DFE2196B65B511C1BE709D705825603D40508BA6E918B8060C191773BBDEC837","D54E48D4768DA60C8C28AF49D2862EE7","10/22/2024 11:51:54 PM","3.42","Processed"
"adobe_licensing_wf_helper_acro.exe","C:\Program Files\Adobe\Acrobat DC\Acrobat\NGL\cefWorkflow\adobe_licensing_wf_helper_acro.exe","Adobe Licensing WF Helper","Adobe Inc.","Adobe Licensing WF Helper","1.12.0.7","9D138022DC64CF65FFCE81928C7B76DB61F8F047294578BD3E365B05A8A35F77","655A56A11FF0E2F0A6078D9DC2A79461","10/22/2024 11:51:54 PM","0.45","Processed"
"AdobeFips.exe","C:\Program Files\Adobe\Acrobat DC\Acrobat\OSSLLibs\AdobeFips.exe","The OpenSSL Toolkit","The OpenSSL Project, https://www.openssl.org/","OpenSSL application","3.0.10","C5004A469EDCEB93B4D1E6285E4A335B88411E3BCB5FB499FC6226F538A87618","ADDFB863D6D9AB28300EC7B52CE3FB84","1/13/2024 11:34:16 AM","5.23","Processed"
"32BitMAPIBroker.exe","C:\Program Files\Adobe\Acrobat DC\Acrobat\plug_ins\pi_brokers\32BitMAPIBroker.exe","Adobe Acrobat 32BitMAPIBroker","Adobe Systems Incorporated","Adobe Acrobat 32BitMAPIBroker","24.5.20320.0","5B164A9A85807B0F948137AA56937ABA05FD88741367077C252C0B2D5EA04F86","23A3A4CBCD442F5B08CE9A6DFE752B41","12/5/2024 4:21:30 PM","0.11","Processed"
"64BitMAPIBroker.exe","C:\Program Files\Adobe\Acrobat DC\Acrobat\plug_ins\pi_brokers\64BitMAPIBroker.exe","Adobe Acrobat 64BitMAPIBroker","Adobe Systems Incorporated","Adobe Acrobat 64BitMAPIBroker","24.5.20320.0","E81DBBCB3B69580ED555EA47F6535F4F74E502000EF057D1DF86376DF621E6C5","8998A86C90A6C3B6B11742FA60F2E911","12/5/2024 4:21:30 PM","0.28","Processed"
"MSRMSPIBroker.exe","C:\Program Files\Adobe\Acrobat DC\Acrobat\plug_ins\pi_brokers\MSRMSPIBroker.exe",,,,,"AE8F8DFCDCE3D0D6E5E26C4FA2A27D7A938A788B04C303DCA22CF38CBD48E8CC","457E00F50235369C91E63D90C0CC6703","6/6/2025 1:15:14 PM","0.53","Processed"
"AcroScanBroker.exe","C:\Program Files\Adobe\Acrobat DC\Acrobat\plug_ins\Scan\AcroScanBroker.exe","Adobe Acrobat","Adobe Systems Incorporated","AcroScanBroker Module","24.5.20320.0","09D9C6A4D4C63F8D4B85D5D48863BE27F4FC61D4E6D13D76B1DC2D23BD29152E","3C8890A066D6E746BAB63684DB822182","12/5/2024 4:21:20 PM","2.46","Processed"
"FullTrustNotifier.exe","C:\Program Files\Adobe\Acrobat DC\Acrobat\RDCNotificationClient\FullTrustNotifier.exe",,,,,"F72AE9E2704E97D9C31B3128003296AE46B20ACDDA49BF2E85D5B6799085BB4F","92366A2F482926C3D0DD02D6F952F742","2/1/2021 9:49:22 PM","0.21","Processed"
"CreatePDFPrinterUtility64.exe","C:\Program Files\Adobe\Acrobat DC\Acrobat\x64\CreatePDFPrinterUtility64.exe"," CreatePDFPrinterUtility","Adobe Inc.","Create Adobe PDF Printer Utility","24.5.20421.0","1AE95F620695527AFD037444A3450AC0B7C4F8A14960D56ADAF93EB2DC404373","B983B5E9A1A41DF0BDB6095DA4A20097","2/20/2025 7:39:44 PM","0.26","Processed"
"Acrobat.exe","C:\Program Files\Adobe\Acrobat DC\Acrobat\x86\Acrobat\Acrobat.exe","Adobe Acrobat","Adobe Systems Incorporated","Adobe Acrobat ","25.1.20531.0","0D8E26F1514354BE886792723D8982902C64F3FAFB09ED78B39B1E9130B219D6","348B1A9E36F7ECD7A5BF69175D880CBD","6/6/2025 8:15:14 AM","5.17","Processed"
"PrintInf64.exe","C:\Program Files\Adobe\Acrobat DC\Acrobat\Xtras\AdobePDF\PrintInf64.exe","PrintINF Application","","PrintINF Application","25.1.20531.0","92C08120F5031BB61ED86275B9627D336138EEBB28199EB6FD90428AA1B9C367","5624A50BC4113E363B07A11855A88274","6/6/2025 8:14:54 AM","0.15","Processed"
"acrobat_sl.exe","C:\Program Files\Adobe\Acrobat DC\Acrobat\acrobat_sl.exe","Adobe Acrobat","Adobe Systems Incorporated","Adobe Acrobat SpeedLauncher","24.5.20320.0","AB727EDAE31FB5223C788B9C2DEBD8AA7687C530A1F66B3BFC2DCA91A603C934","808BD3E084E73BB76DD5FA82E0B210A3","12/5/2024 4:21:12 PM","0.04","Processed"
"Acrobat.exe","C:\Program Files\Adobe\Acrobat DC\Acrobat\Acrobat.exe","Adobe Acrobat","Adobe Systems Incorporated","Adobe Acrobat ","25.1.20531.0","0AB552C651C74869113317DCF78FA9DE6A1D6A5313ACE7B434E130EE954D928C","6D3AA68E08AFD14929035B5D1D06221D","6/6/2025 8:14:44 AM","6.07","Processed"
"AcrobatInfo.exe","C:\Program Files\Adobe\Acrobat DC\Acrobat\AcrobatInfo.exe","Adobe Acrobat","Adobe Systems Incorporated","Adobe Acrobat ","25.1.20531.0","84D3EF076CE5372263CD019F7566894E38547743035B1A5BC282805E5C574BA5","E0A76368427C86CDEFF0809A734DBCF5","6/6/2025 8:14:44 AM","0.04","Processed"
"AcroBroker.exe","C:\Program Files\Adobe\Acrobat DC\Acrobat\AcroBroker.exe","Adobe PDF Broker Process for Internet Explorer","Adobe Systems Incorporated","Adobe PDF Broker Process for Internet Explorer","25.1.20531.0","A0657B6CC937534D9DDA18DE95E41A108F6030D63FF3AA105B2FA78C8AAC6AF3","E614AE2C3840113F11833A1DB00650AD","6/6/2025 8:15:12 AM","2.94","Processed"
"acrodist.exe","C:\Program Files\Adobe\Acrobat DC\Acrobat\acrodist.exe","Acrobat  Distiller for Windows","Adobe Systems Incorporated.","Acrobat  Distiller","24.5.20320.0","AA2BDE5F737D27B16B2C54FA945541F21CB2CE7F71A95B73F83DB652AB8537DE","242F4A1C313C6B038F5EDEADC6B79979","12/5/2024 4:21:10 PM","0.53","Processed"
"AcroShareTarget.exe","C:\Program Files\Adobe\Acrobat DC\Acrobat\AcroShareTarget.exe","Adobe Acrobat Share Target","Adobe Inc.","Adobe Acrobat Share Target","24.2.20854.0","F8E5F96F5D1A4AF50EE6A35ECF9D629E1694D8397D681A7D1EB7683C2A3A653C","E240210A9388049C64045D7A10E51DCC","6/15/2024 1:06:38 AM","0.07","Processed"
"AcroTextExtractor.exe","C:\Program Files\Adobe\Acrobat DC\Acrobat\AcroTextExtractor.exe","Adobe Acrobat text extractor for non-PDF files","Adobe Systems Incorporated","AcroTextExtractor","25.1.20531.0","8630D7D65AE4223862156EE7F5146FAD18ED1516A18BEBE416E7FFEFB69FB78D","08D217AFABAD19C14A6C10229DC4076F","6/6/2025 8:15:12 AM","0.06","Processed"
"acrotray.exe","C:\Program Files\Adobe\Acrobat DC\Acrobat\acrotray.exe","AcroTray - Adobe Acrobat Distiller helper application.","Adobe Systems Inc.","Acrobat Licensing Service","25.1.20531.0","20EFB1CDC8D5CB77AC603B30032B3A205B5B1EF10DC97153BC07BC34AFD089E0","739039E4BDC62F551D0BF09A85C5229E","6/6/2025 8:14:40 AM","10.23","Processed"
"ADelRCP.exe","C:\Program Files\Adobe\Acrobat DC\Acrobat\ADelRCP.exe"," ADelRCP Dynamic Link Library","Adobe Systems, Inc.","ADelRCP Dynamic Link Library","25.1.20531.0","F833869607B254248C88EDE2B93851C2FB2CBB1789397CEA1C28E0A2B85EB8C8","1282D14B0D839A6D413FB57672BF159F","6/6/2025 8:15:16 AM","0.41","Processed"
"ADNotificationManager.exe","C:\Program Files\Adobe\Acrobat DC\Acrobat\ADNotificationManager.exe","Adobe Acrobat","Adobe","Adobe Acrobat","25.1.20531.0","A13AFF4DB8D5C42DD5294CE03F3635D307D59F07DECCA6FB64C37002EC81251C","CD052F07BF6628378F94E61652B2388D","6/6/2025 1:15:12 PM","0.48","Processed"
"Adobe Crash Processor.exe","C:\Program Files\Adobe\Acrobat DC\Acrobat\Adobe Crash Processor.exe","Adobe Crash Processor","Adobe Inc.","Adobe Crash Processor","23.0.0","D466786953C7789AD6ABFCCF361E04B992A4A1ED9F7320ED2D792A60BD6191E8","F14863F6C9D28124144BFC6D7253C6BE","2/14/2025 10:57:16 AM","1.14","Processed"
"AdobeCollabSync.exe","C:\Program Files\Adobe\Acrobat DC\Acrobat\AdobeCollabSync.exe","","Adobe Systems Incorporated","Acrobat Collaboration Synchronizer 25.1","25.1.20531.0","AD64A45C2DE9256F8164CE3DBAE613F18575DB6542F706FBCDB55C21E160EE25","6C2B0EC142CFA63E34D41DB0A0D0FE1D","6/6/2025 8:15:12 AM","40.02","Processed"
"CRLogTransport.exe","C:\Program Files\Adobe\Acrobat DC\Acrobat\CRLogTransport.exe","CRLogTransport Application","Adobe Inc.","CRLogTransport Application","23.0.0","2FF665C9E4657889EF07917A52F09B5F148A9EDEF728EED8499825CA23368D84","A0C81E63DBBCD9573228A60CB3653DD3","2/14/2025 4:57:16 AM","0.21","Processed"
"CRWindowsClientService.exe","C:\Program Files\Adobe\Acrobat DC\Acrobat\CRWindowsClientService.exe","Adobe Crash Reporter Service","Adobe Inc.","Adobe Crash Reporter Service","23.0.0","B151BBB967C3109D021AA38B88A81C54367A645807EBCE4DA5F552D8AE5DDBDF","45DDE91C36E121D389B68529D6706566","2/14/2025 4:57:16 AM","1.46","Processed"
"Eula.exe","C:\Program Files\Adobe\Acrobat DC\Acrobat\Eula.exe","EULA","Adobe Systems Incorporated","Eula display","24.5.20320.0","45E7C759EA5927D3AFDAD732EA7CB41E687E314699E40D23970B63B4304CC2D9","7138E3DB38CF8903AAF8E25F102B7E26","12/5/2024 4:21:28 PM","0.13","Processed"
"LogTransport2.exe","C:\Program Files\Adobe\Acrobat DC\Acrobat\LogTransport2.exe"," LogTransport Application","Adobe Systems Incorporated","LogTransport Application","8.8.0.7","A36EF4C18A08EE8D8C0D10D96AB37A0C3CE22A8F328733AF8C0451579E4EDCB1","09239E688FF75CD636AC932100B243F9","4/4/2023 1:35:12 PM","1.06","Processed"
"ShowAppPickerForPDF.exe","C:\Program Files\Adobe\Acrobat DC\Acrobat\ShowAppPickerForPDF.exe",,,,,"4160E72DA955530FB8589A2393D52007077839E4C6706BEC36673D58CE4A8410","7DC24284D7A0F6938CB01EBA298C5D5A","6/6/2025 1:15:12 PM","0.08","Processed"
"Acrobat Elements.exe","C:\Program Files\Adobe\Acrobat DC\Acrobat Elements\Acrobat Elements.exe","Adobe Acrobat Elements","Adobe Systems Inc.","Adobe Acrobat Elements","25.1.20531.0","A1564FAAE691FD97A403BE8A0B3B8A621E286CC3BF4B8C6A4E113B303B6DA6D5","31C8FE620CB4038A2F0CBA7DF26D6A61","6/6/2025 8:14:40 AM","2.45","Processed"
"HTML2PDFWrapFor64Bit.exe","C:\Program Files\Adobe\Acrobat DC\PDFMaker\Office\HTML2PDFWrapFor64Bit.exe","HTML2PDFWrapFor64Bit Module","Adobe Systems Incorporated","HTML2PDF wrapper for 64Bit PDFMOutlook.dll","24.5.20320.0","7D445B7333B17C04731C817C4B5A2FCC38FD4F6A37412715D12D348CD66B6FB2","BFD87FFE60B313783B7D77383C82AA21","12/5/2024 4:21:20 PM","0.14","Processed"
"createdump.exe","C:\Program Files\Azure Data Studio\resources\app\extensions\mssql\sqltoolsservice\Windows\5.0.20250115.1\createdump.exe","Microsoft® .NET","Microsoft Corporation",".NET Runtime Crash Dump Generator","8,0,23,53103 @Commit: 5535e31a712343a63f5d7d796cd874e563e5ac14","225A42EDB23D5758AC14D2F416BD9FA6208B52C783DB81033C66B34169552FEA","79AB019F925A0BDA598FA2C3AA1F8F87","6/13/2025 5:11:54 PM","0.06","Processed"
"MicrosoftKustoServiceLayer.exe","C:\Program Files\Azure Data Studio\resources\app\extensions\mssql\sqltoolsservice\Windows\5.0.20250115.1\MicrosoftKustoServiceLayer.exe","Microsoft Sql Tools","Microsoft","SqlTools Kusto Editor Services Host Protocol Library","5.0.0.0","029955C0D14DC953D810AFD83D250D56E73BAFDE9F82E3D1E975F6CEE1E54063","E57E26F66CB0ECEE26316BF07BD32017","6/13/2025 5:10:32 PM","0.14","Processed"
"MicrosoftSqlToolsCredentials.exe","C:\Program Files\Azure Data Studio\resources\app\extensions\mssql\sqltoolsservice\Windows\5.0.20250115.1\MicrosoftSqlToolsCredentials.exe","Microsoft Sql Tools","Microsoft","SqlTools Editor Services Credentials Manager Library","5.0.0.0","45A70B89525B565B14F0486FD44FF73E8AC83D874689F04AB6DF416412C5D758","874539E91DCA7B140554A7222893E14A","6/13/2025 5:10:42 PM","0.14","Processed"
"MicrosoftSqlToolsMigration.exe","C:\Program Files\Azure Data Studio\resources\app\extensions\mssql\sqltoolsservice\Windows\5.0.20250115.1\MicrosoftSqlToolsMigration.exe","Microsoft Sql Tools","Microsoft","SqlTools Migration Host Protocol Library","5.0.0.0","747EC8B858E596245A44E0326B722525FA51D2E7A7C838F805149D19F03CD776","90F5D880153DA38F5AEC6B331C6918EB","6/13/2025 5:11:04 PM","0.14","Processed"
"MicrosoftSqlToolsServiceLayer.exe","C:\Program Files\Azure Data Studio\resources\app\extensions\mssql\sqltoolsservice\Windows\5.0.20250115.1\MicrosoftSqlToolsServiceLayer.exe","Microsoft Sql Tools","Microsoft","SqlTools Editor Services Host Protocol Library","5.0.0.0","AA8B6BB31E1E555688F1568E2E40898D4F47E6194017DD8ED58860C4D5B55853","8D9AA8A6AE1BA7317AA03B8EA1A5C696","6/13/2025 5:10:32 PM","0.14","Processed"
"pvk2pfx.exe","C:\Program Files\Azure Data Studio\resources\app\extensions\mssql\sqltoolsservice\Windows\5.0.20250115.1\pvk2pfx.exe","Microsoft® Windows® Operating System","Microsoft Corporation","PVK/SPC to PFX file converter","10.0.22000.194 (WinBuild.160101.0800)","25B6BFEE142272CEF2075D8E9B4BF116ADB3A0AA5AE18A6FA2DBFF6CA06AF1C6","3C10437B1C66C5FD7389F7CEAD2C9464","6/13/2025 5:10:32 PM","0.03","Processed"
"SqlToolsResourceProviderService.exe","C:\Program Files\Azure Data Studio\resources\app\extensions\mssql\sqltoolsservice\Windows\5.0.20250115.1\SqlToolsResourceProviderService.exe","Sql Tools Service for Resource Provider services","Microsoft","SqlToolsResourceProviderService","5.0.0.0","3888DC6727490CA958466F5510BF28F9EE42917F2AE02587CC2510800EEEAA7C","CA5FDB17FB04179CE92FBD7327B77F57","6/13/2025 5:10:32 PM","0.14","Processed"
"rg.exe","C:\Program Files\Azure Data Studio\resources\app\node_modules.asar.unpacked\@vscode\ripgrep\bin\rg.exe",,,,,"EF99F766A997BA4B7FE861F4F18A765E4846BCA91A7749C90F443A238421B871","3907BD953DF3F23A6306D9A4CBB9FD58","6/13/2025 5:11:44 PM","4.46","Processed"
"winpty-agent.exe","C:\Program Files\Azure Data Studio\resources\app\node_modules.asar.unpacked\node-pty\build\Release\winpty-agent.exe",,,,,"F42572F7C08B87841C51BDF1FCEBD962569EE8A4E9416C7F23F4317D64BFF265","E941E31F72BF01734FD1076112FB595A","6/13/2025 5:11:24 PM","0.3","Processed"
"inno_updater.exe","C:\Program Files\Azure Data Studio\tools\inno_updater.exe",,,,,"74A796B5DE84BF6F178F67D66E0308CF51C78DF44F1381B6BA48AAA01B641774","E81D051BAB0AE768DD0A7E7F6029689F","6/13/2025 5:12:04 PM","0.44","Processed"
"azuredatastudio.exe","C:\Program Files\Azure Data Studio\azuredatastudio.exe","Azure Data Studio","Microsoft Corporation","Azure Data Studio","1.52.0","4CC7709AF5F1CEEF2BA311DA601899ACEBCD8A2AC89396E1794C89A81519D9EC","B9E90CA537AF11F6BA1375497C0F6CBD","6/13/2025 5:11:48 PM","160.43","Processed"
"unins000.exe","C:\Program Files\Azure Data Studio\unins000.exe","Azure Data Studio                                           ","Microsoft Corporation                                       ","Setup/Uninstall","51.1052.0.0","FD5ED03B3A5FA520F2BC86318A8B0D62E39C9F0D0CA3B3C50A961084FE9242CE","468B7A9A9DDCCCEF544ACDC1C33CDE28","6/23/2025 12:42:05 PM","2.49","Processed"
"setup.exe","C:\Program Files\Common Files\Adobe\Acrobat\Setup Files\{AC76BA86-1033-FFFF-7760-BC15014EA700}\setup.exe","Bootstrapper Small","Adobe Systems Incorporated","Adobe Bootstrapper for Single Installation","22.3.20282.0","B3790DB7757F4D93143AE654787E70C154E81F5B730D7BEA5F534A1461874324","69C67B28E28AAA34F3729788E2080931","11/14/2022 4:47:43 PM","0.61","Processed"
"WindowsInstaller-KB893803-v2-x86.exe","C:\Program Files\Common Files\Adobe\Acrobat\Setup Files\{AC76BA86-1033-FFFF-7760-BC15014EA700}\WindowsInstaller-KB893803-v2-x86.exe","MSI 3.1","Microsoft Corporation","Update Package","3.1","69B61B2C00323CEA3686315617D0F452E205DAE10C47E02CBE1EA96FEA38F582","342F79337765760AD4E392EB67D5ED2C","11/14/2022 4:47:43 PM","2.47","Processed"
"OfficeClickToRun.exe","C:\Program Files\Common Files\microsoft shared\ClickToRun\backup\15A228C0-7DF6-43EC-BA00-7D3B87EF0A5E\OfficeClickToRun.exe","Microsoft Office","Microsoft Corporation","Microsoft Office Click-to-Run (SxS)","16.0.16130.20850","B5728CADD19271738AFB33208131DD66C7CFA11DD2D32134DA58ED1CE3786F05","1B17C6C8761D522B9CC8B8B7624A6E7C","11/22/2023 1:11:42 PM","11.94","Processed"
"appvcleaner.exe","C:\Program Files\Common Files\microsoft shared\ClickToRun\Updates\16.0.17928.20604\appvcleaner.exe","Microsoft Office","Microsoft Corporation","Microsoft Application Virtualization Package Cleaner","16.0.17928.20018","4E1A424AB4CEE8C6245EB9670C479F1A37EDFF6995A876D4181FBB36E543E473","EFBE0350F0F9619D312BCD93C7ACF17D","2/8/2025 3:57:16 PM","1.51","Processed"
"AppVShNotify.exe","C:\Program Files\Common Files\microsoft shared\ClickToRun\Updates\16.0.17928.20604\AppVShNotify.exe","Microsoft Office","Microsoft Corporation","Microsoft Application Virtualization Client Shell Notifier","16.0.17928.20018","FBC5D23F2AB39D5FFFBE5934EABE361B3E11D9ED42FF7967F58BADE0D5213294","CBD4428532794D5D258CD19A4CFE0C16","2/8/2025 3:57:14 PM","0.21","Processed"
"InspectorOfficeGadget.exe","C:\Program Files\Common Files\microsoft shared\ClickToRun\Updates\16.0.17928.20604\InspectorOfficeGadget.exe","Microsoft.Office.C2R.InspectorOfficeGadget","Microsoft Corporation","InspectorOfficeGadget","16.0.16827.20014","D2E59A4DE04C12E5D2A24EB6437CDAD4098FA6DCA072BC67CD0A2D994136FBD2","B65C674C62A1D5282B03BF7167B6DDE4","2/8/2025 3:57:16 PM","0.05","Processed"
"IntegratedOffice.exe","C:\Program Files\Common Files\microsoft shared\ClickToRun\Updates\16.0.17928.20604\IntegratedOffice.exe","Microsoft Office","Microsoft Corporation","Microsoft Office Click-to-Run IntegratedOfficeExe","16.0.17928.20604","335D61D276F9ADE6AA57DC292623C00653F173F0FE3E38D74FAE1288236BED3E","745624ACC8EE11D9DC005ED591789F43","7/3/2025 10:08:10 PM","5.15","Processed"
"MavInject32.exe","C:\Program Files\Common Files\microsoft shared\ClickToRun\Updates\16.0.17928.20604\MavInject32.exe","Microsoft Office","Microsoft Corporation","Microsoft Application Virtualization Injector","16.0.17830.20056","B95A41D60FAC19566BA9E77737F157FE3EA3845F53E3E3AA4F89D63F829BFC48","93677BBD475D91E5D7D568EF515AC4A2","2/8/2025 3:57:16 PM","0.15","Processed"
"OfficeC2RClient.exe","C:\Program Files\Common Files\microsoft shared\ClickToRun\Updates\16.0.17928.20604\OfficeC2RClient.exe","Microsoft 365 and Office","Microsoft Corporation","Microsoft Office Click-to-Run Client","16.0.17928.20604","1133B1E37085396C94FFA415CB9F56A0A83075A535D5D07B0A274B5488215513","6E60084B5DDBCD28BA429B021C5C6247","7/3/2025 10:08:10 PM","27.29","Processed"
"OfficeClickToRun.exe","C:\Program Files\Common Files\microsoft shared\ClickToRun\Updates\16.0.17928.20604\OfficeClickToRun.exe","Microsoft 365 and Office","Microsoft Corporation","Microsoft Office Click-to-Run (SxS)","16.0.17928.20604","D5C30CE190B659E4C602F5436B1E1E13E1E7B81FB408E4B1050E124BFEABBD53","76EBD0126A9EC844E6A12FAD07079648","7/3/2025 10:08:10 PM","13.4","Processed"
"officesvcmgr.exe","C:\Program Files\Common Files\microsoft shared\ClickToRun\Updates\16.0.17928.20604\officesvcmgr.exe","Microsoft Office Serviceability Manager","Microsoft Corporation","Manages coordination of Microsoft Office products and their related installs and updates","16.0.17928.20604","AF12F2D252575D13FCB88035D9955D4AFEB5F3AD61BC8920EF33AC736A93166B","3876302F06745F8A85E66D78FBE387DA","7/3/2025 10:08:08 PM","4.26","Processed"
"appvcleaner.exe","C:\Program Files\Common Files\microsoft shared\ClickToRun\appvcleaner.exe","Microsoft Office","Microsoft Corporation","Microsoft Application Virtualization Package Cleaner","16.0.17928.20018","4E1A424AB4CEE8C6245EB9670C479F1A37EDFF6995A876D4181FBB36E543E473","EFBE0350F0F9619D312BCD93C7ACF17D","2/8/2025 3:57:16 PM","1.51","Processed"
"AppVShNotify.exe","C:\Program Files\Common Files\microsoft shared\ClickToRun\AppVShNotify.exe","Microsoft Office","Microsoft Corporation","Microsoft Application Virtualization Client Shell Notifier","16.0.17928.20018","FBC5D23F2AB39D5FFFBE5934EABE361B3E11D9ED42FF7967F58BADE0D5213294","CBD4428532794D5D258CD19A4CFE0C16","2/8/2025 3:57:14 PM","0.21","Processed"
"InspectorOfficeGadget.exe","C:\Program Files\Common Files\microsoft shared\ClickToRun\InspectorOfficeGadget.exe","Microsoft.Office.C2R.InspectorOfficeGadget","Microsoft Corporation","InspectorOfficeGadget","16.0.16827.20014","D2E59A4DE04C12E5D2A24EB6437CDAD4098FA6DCA072BC67CD0A2D994136FBD2","B65C674C62A1D5282B03BF7167B6DDE4","2/8/2025 3:57:16 PM","0.05","Processed"
"IntegratedOffice.exe","C:\Program Files\Common Files\microsoft shared\ClickToRun\IntegratedOffice.exe","Microsoft Office","Microsoft Corporation","Microsoft Office Click-to-Run IntegratedOfficeExe","16.0.17928.20588","9EBB15A1246CCA337A08FC484C68D3ECCBB04B05D3A985CF48CD24815CD34FA9","AF12D8345A78445FBB4740E4B7F466F2","6/19/2025 10:11:06 PM","5.15","Processed"
"MavInject32.exe","C:\Program Files\Common Files\microsoft shared\ClickToRun\MavInject32.exe","Microsoft Office","Microsoft Corporation","Microsoft Application Virtualization Injector","16.0.17830.20056","B95A41D60FAC19566BA9E77737F157FE3EA3845F53E3E3AA4F89D63F829BFC48","93677BBD475D91E5D7D568EF515AC4A2","2/8/2025 3:57:16 PM","0.15","Processed"
"OfficeC2RClient.exe","C:\Program Files\Common Files\microsoft shared\ClickToRun\OfficeC2RClient.exe","Microsoft 365 and Office","Microsoft Corporation","Microsoft Office Click-to-Run Client","16.0.17928.20588","2D35DE1B0B73AD561D4872DCF93EFB968CDEAB8A696E4F9C4CE122E01639F02D","46A2B5F039890C06BE30FD0B4E5184DB","6/19/2025 10:11:08 PM","27.29","Processed"
"OfficeClickToRun.exe","C:\Program Files\Common Files\microsoft shared\ClickToRun\OfficeClickToRun.exe","Microsoft 365 and Office","Microsoft Corporation","Microsoft Office Click-to-Run (SxS)","16.0.17928.20588","DEBE59AE4767CCA40C3E5F928ABBC306113D3635AAD81508E22FE7A5DF325060","161AC7C8C320315194BBDA327F5221F5","6/19/2025 10:11:08 PM","13.4","Processed"
"officesvcmgr.exe","C:\Program Files\Common Files\microsoft shared\ClickToRun\officesvcmgr.exe","Microsoft Office Serviceability Manager","Microsoft Corporation","Manages coordination of Microsoft Office products and their related installs and updates","16.0.17928.20588","0630F312C972CCA0B9D997E75E2C0D4C34E717DA8782DEC5DD2A80CD3285A2D6","B5D469496AEDD44BF76E1ED737470676","6/19/2025 10:11:06 PM","4.26","Processed"
"TabTip.exe","C:\Program Files\Common Files\microsoft shared\ink\TabTip.exe","Microsoft® Windows® Operating System","Microsoft Corporation","Touch Keyboard and Handwriting Panel","10.0.22621.1 (WinBuild.160101.0800)","38F77DE6656D505D807993A6A2866F5291DDBACB33533DB304384B05CF140AC0","E42BD34C2D8F734EAA9CD0117EFA73B1","6/12/2025 8:31:53 AM","0.57","Processed"
"msinfo32.exe","C:\Program Files\Common Files\microsoft shared\MSInfo\msinfo32.exe","Microsoft® Windows® Operating System","Microsoft Corporation","System Information","10.0.22621.2506 (WinBuild.160101.0800)","B2F44536CCE1561683DBFB3A05BF79595B057420C7D942ADF311F0073AC083A0","6CAA499C0B5DBF19BC697270BB0C9C74","6/12/2025 8:31:56 AM","0.38","Processed"
"LICLUA.EXE","C:\Program Files\Common Files\microsoft shared\OFFICE16\LICLUA.EXE","Office Licensing Admin Access Provider","Microsoft Corporation","Office Licensing Admin Access Provider","16.0.17928.20588","5EB342E59FDC97547314A758D4B797FD90522215425CCAD47D8FA1C9028F3BB6","D4984EEC1EDA67F9A3A421870BA698AE","2/1/2002 6:02:02 PM","0.62","Processed"
"install.exe","C:\Program Files\Common Files\microsoft shared\VSTO\10.0\Microsoft Visual Studio 2010 Tools for Office Runtime (x64)\install.exe","Microsoft® Visual Studio® 2010","Microsoft Corporation","External Installer","10.0.50903.0 built by: VSTO_Rel","E6D89C3357986C91AE6B6CC0EAD37DAE7B5BE3833C826CEF6A9D0F400CF065D2","2DA827382CF19D247102727B02C42226","9/3/2014 1:27:22 AM","0.76","Processed"
"VSTOInstaller.exe","C:\Program Files\Common Files\microsoft shared\VSTO\10.0\VSTOInstaller.exe","Microsoft® Visual Studio® 2010","Microsoft Corporation","Visual Studio Tools for Office Solution Installer","10.0.60910.0 built by: VSTO_Rel","FADF0CC5A2CB10055B17DF60815C5210CBA0C5255BA636B13FE8A480AF297C99","F4A2885C8D03831CC031ECDAAC38EFCC","2/1/2002 6:02:02 PM","0.1","Processed"
"CptControl.exe","C:\Program Files\Common Files\Zoom\Support\CptControl.exe","Zoom Video Call","Zoom Communications, Inc.","Zoom Sharing Controller","6,5,3,7509","2A0B26DD703B64FA5835A45ADF937676E7603738AFE890C0C1BCA793284C702D","68CFE74475325EE50A5808379D0872CD","6/30/2025 4:06:48 AM","0.17","Processed"
"CptInstall.exe","C:\Program Files\Common Files\Zoom\Support\CptInstall.exe","Zoom Video Call","Zoom Communications, Inc.","Zoom Sharing Installer","6,5,3,7509","85D831994F299EEBCD9EC906EF65D3B1A20AF9C3EF3D0C6F27AF9C48C1BDEE6C","E5A650BC54E8A9411098AEFB7B570BD6","6/30/2025 4:06:48 AM","0.4","Processed"
"CptService.exe","C:\Program Files\Common Files\Zoom\Support\CptService.exe","Zoom Video Call","Zoom Communications, Inc.","Zoom Sharing Service","6,4,10,64378","F9233160DEBB17B11717A84041344B2859125E45CB61B4CD93131EA0C807C53C","C136B3177395DA7005474974A35B15E7","5/19/2025 6:00:36 AM","0.39","Processed"
"dcu-cli.exe","C:\Program Files\Dell\CommandUpdate\dcu-cli.exe","Dell Command | Update","Dell Inc.","Dell Command | Update (CLI Version)","5.5.0.58","84C91FE5C7A2E158E6D56AD4A9216E8F9185AC5D47FDA986B57A7E986454110A","5881CEB5D6323549E204D2D6BEBE16CD","3/25/2025 10:06:58 AM","0.34","Processed"
"DPM.exe","C:\Program Files\Dell\Dell Peripheral Manager\DPM.exe","Dell Peripheral Manager","Dell Inc.","Dell Peripheral Manager Application","1.7.7","710FC14FB30B5E8C4DE7AE308243E1B429931B634A4FFEC47CC77A6FF3F6013A","64977C9DF71E75EE5B55833F4D366BFB","10/22/2024 2:10:42 PM","18.72","Processed"
"DPMCrashHandler.exe","C:\Program Files\Dell\Dell Peripheral Manager\DPMCrashHandler.exe",,,,,"AE587A5BAD0697131276BD612DDAAE7C9757A07234F93B8F6EB5582BB7167DFF","404545C7689F56C9D62617BB78788092","10/22/2024 2:11:16 PM","0.94","Processed"
"DPMService.exe","C:\Program Files\Dell\Dell Peripheral Manager\DPMService.exe","Dell Peripheral Manager","Dell Inc.","Dell Peripheral Manager Service","1.7.7","1A1914D9D70D342A76346C49848E6591CDED164B3932F494A140DE98021495B4","4827426C3BF7BF5B616A0F264CDCF93A","10/22/2024 2:11:50 PM","2.1","Processed"
"Uninstall.exe","C:\Program Files\Dell\Dell Peripheral Manager\Uninstall.exe","Dell Peripheral Manager","Dell","Dell Peripheral Manager Uninstaller","${FILE_VERSION}","27C71337704C50365AF902A7F2E02B8871D868D4A938E1AD1AC0F29F90C0193C","F97EC2F3D1224D43E9C6CA1663461474","10/22/2024 2:43:54 PM","2.54","Processed"
"Dell.TechHub.Analytics.SubAgent.exe","C:\Program Files\Dell\DTP\AnalyticsSubAgent\Dell.TechHub.Analytics.SubAgent.exe","Dell Analytics","Dell, Inc.","Dell Analytics","3.3.5.8667","AAC4CB84827FB26EA0BC6A23591DE097A2A9BA66BC8FF2E0C31D9C86C0A390DA","DA115769A3CBEA231B98CC3ED714D20F","2/26/2025 4:59:36 AM","0.15","Processed"
"Dell.TechHub.DataManager.SubAgent.exe","C:\Program Files\Dell\DTP\DataManagerSubAgent\Dell.TechHub.DataManager.SubAgent.exe","Dell Data Manager","Dell, Inc.","Dell Data Manager","3.3.5.8667","B32F5E0CDE14AD42C7885271F908D4A8E663567CA3038DC71BE6E1B7C8BC2C45","1B82616F73DCCE95B118B1FEC0E7B255","2/26/2025 5:03:26 AM","0.15","Processed"
"Dell.TechHub.Instrumentation.SubAgent.exe","C:\Program Files\Dell\DTP\InstrumentationSubAgent\Dell.TechHub.Instrumentation.SubAgent.exe","Dell Instrumentation","Dell, Inc.","Dell Instrumentation","3.3.5.8667","9F0002D59E9D1FB686A3E6398D28C65B5414985F12E2A3BE9828B4D28BE3B9C1","0C87AA539D073D4E4C0CE2EABAC62F5C","2/26/2025 5:06:30 AM","0.15","Processed"
"Dell.TechHub.Instrumentation.UserProcess.exe","C:\Program Files\Dell\DTP\InstrumentationSubAgent\Dell.TechHub.Instrumentation.UserProcess.exe","Dell Instrumentation's User Process","Dell, Inc.","Dell Instrumentation's User Process","3.3.5.8667","AD75FD8D77B233D00982000305013A1771D88BA6030F4A7ACE0606C7C9AAFAAF","46F06F64A5C0000555B342060BC4C91D","2/26/2025 5:06:32 AM","0.15","Processed"
"symchk.exe","C:\Program Files\Dell\DTP\InstrumentationSubAgent\symchk.exe","Microsoft® Windows® Operating System","Microsoft Corporation","Symbol Checker","10.0.22621.755 (WinBuild.160101.0800)","B5155E0AD2EBF18AA1888E5F738E46962B9E9A61FAFFA0BD0BA3236770226F53","FF9AE4FEF880143C550AE5B374EC6AE6","2/26/2025 4:11:30 AM","0.09","Processed"
"symstore.exe","C:\Program Files\Dell\DTP\InstrumentationSubAgent\symstore.exe","Microsoft® Windows® Operating System","Microsoft Corporation","Symbol Server Builder","10.0.22621.755 (WinBuild.160101.0800)","F8912FD0FCA0031CCE7DA54D0077965DAAD529A2C04CD925AB50EBA55FD65C3E","476E7D514A4D0FAE8B5B3B51B456A127","2/26/2025 4:11:30 AM","0.15","Processed"
"Dell.UCA.Manager.exe","C:\Program Files\Dell\MyDell\Manager\Dell.UCA.Manager.exe","MyDell","Dell","MyDell Notification Manager","4.4.8.6","819FFC72FFA9E5F94ADDE7FFCAEC8FB9AB3F48FB202F57400FAB1C59D39E4F40","D76DDD93999C10519614305BA750C02E","3/13/2025 1:30:46 PM","0.54","Processed"
"MyDell.Updater.exe","C:\Program Files\Dell\MyDell\Updater\MyDell.Updater.exe","DCUClientUpdater","Dell Technologies, Inc.","DCUClientUpdater","1.10.33.0","83C49A6FFDB17AADF14230D51E655CA41C4452453D9A5FC165CB72BC8BD30AF5","2C933A7BCFF5D719407B5E31085B7F19","3/27/2025 9:42:28 PM","0.41","Processed"
"Dell.CoreServices.Client.exe","C:\Program Files\Dell\TechHub\Dell.CoreServices.Client.exe","Dell TechHub Settings","Dell","Dell.CoreServices.Client","1.5.26.6","B99148DFCC995568D307188691AF23492AE6D58EBDDA1F1C652F6A56C1A1A0C9","CCFF8FA2D377B4E2D2F855405A3F1CCF","2/28/2025 7:20:00 AM","0.15","Processed"
"Dell.TechHub.exe","C:\Program Files\Dell\TechHub\Dell.TechHub.exe","Dell TechHub Settings","Dell","Dell.TechHub","1.5.26.6","4ADCBE3E01E049E551FBE0C56E9F543F4F875814C655F4E26C258492E97903D5","D3FA52C95918C19036349363E3099136","2/28/2025 7:20:00 AM","0.15","Processed"
"dpinst.exe","C:\Program Files\DIFX\E68C45B250901231\dpinst.exe","Driver Package Installer (DPInst)","Microsoft Corporation","Driver Package Installer","2.1","CDD0B13EEFADC1AD1FD815D188C377671C46A6822EE95590ACA19F83B112C5F5","B3766C35B387AE1A624FC5E83A01E224","5/23/2019 12:05:22 PM","0.64","Processed"
"createdump.exe","C:\Program Files\dotnet\shared\Microsoft.NETCore.App\8.0.18\createdump.exe","Microsoft® .NET","Microsoft Corporation",".NET Runtime Crash Dump Generator","8,0,1825,31117 @Commit: ef853a71052646a42abf17e888ec6d9a69614ad9","99D2B5991A66A0F2147F9C2B4DE00B53254134F3B943A74BD42DD2AB2362A4B9","3D838B28E133DBF75DE982DA658A950A","6/12/2025 9:17:22 AM","0.07","Processed"
"dotnet.exe","C:\Program Files\dotnet\dotnet.exe",".NET","Microsoft Corporation",".NET Host","8,0,1825,31117 @Commit: ef853a71052646a42abf17e888ec6d9a69614ad9","D79AA4F0864828BD85F1E62CD0FD39DCD12DA90EB49080E392BC19598461BEBC","4A3BE5B0E51C62AF33AD8FCABC01EB1C","6/12/2025 9:17:42 AM","0.15","Processed"
