DeviceName,FQDN,ApplicationName,Publisher,FileName,InstallationPath,SHA256,MD5
HTH4VCR9K3,HTH4VCR9K3.HillTop.Global,Sentinel Agent,SentinelOne Inc.,SentinelAgent.exe,C:\Program Files\SentinelOne\Sentinel Agent 24.1.5.277,CDD77103744D5130F6DB92B1A7D670DFEF9F7FD103DDC092BA1D3B02EE92827C,1C8120E7A2138F38291B77C08F8FF811
HTH4VCR9K3,HTH4VCR9K3.HillTop.Global,Sentinel Agent,SentinelOne Inc.,SentinelAgentWorker.exe,C:\Program Files\SentinelOne\Sentinel Agent 24.1.5.277,764F72121FBEB4125D2D4358F628887F23AF8E4D33A0B72FFD561AD0BB3ACDAE,81B86531D843209A82DD4C8388E7EFD7
HTH4VCR9K3,HTH4VCR9K3.HillTop.Global,Sentinel Agent,SentinelOne Inc.,SentinelBrowserNativeHost.exe,C:\Program Files\SentinelOne\Sentinel Agent 24.1.5.277,0D9DFC113712054D8595B50975EFD9C68F4CB8960ECA010076B46D2FBA3D2754,D9689BA1D82BD44AFD698FE9E83A5EA6
HTH4VCR9K3,HTH4VCR9K3.HillTop.Global,Sentinel Agent,SentinelOne Inc.,SentinelCtl.exe,C:\Program Files\SentinelOne\Sentinel Agent 24.1.5.277,3562336C050C18284FBFA59E3CA346CDFA7AEAEAD9540D5FC364928247C3DF80,77AA6A06F080B82BD2E162049F463215
HTH4VCR9K3,HTH4VCR9K3.HillTop.Global,Sentinel Agent,SentinelOne Inc.,SentinelHelperService.exe,C:\Program Files\SentinelOne\Sentinel Agent 24.1.5.277,CC49E41AF5ACAEFECCC057838DD9582817507DDEFC6CFAE862C1F1C3C58050DA,8B0E20A4B2B8B7C70D09BB7732790C73
HTH4VCR9K3,HTH4VCR9K3.HillTop.Global,Sentinel Agent,SentinelOne Inc.,SentinelMemoryScanner.exe,C:\Program Files\SentinelOne\Sentinel Agent 24.1.5.277,082D58FBEA1475940854959B0B276A1A1981DDFDD7E969AB0B41927C22963087,372066ADB7FACF416295FE93ACAF2C76
HTH4VCR9K3,HTH4VCR9K3.HillTop.Global,Sentinel Agent,SentinelOne Inc.,SentinelOfficeMacroClean.exe,C:\Program Files\SentinelOne\Sentinel Agent 24.1.5.277,99283CD2E0DA542A8426FE56B2BF418D15D23A69C0795F1DF11E55E8B86C9799,617729CCA167CCAAF23A0594BA2E27EE
HTH4VCR9K3,HTH4VCR9K3.HillTop.Global,Sentinel Agent,SentinelOne Inc.,SentinelRemediation.exe,C:\Program Files\SentinelOne\Sentinel Agent 24.1.5.277,788BD0DA033F320862D876C0583CE3F7136E27EFA802975C55B94CC3BF89CAAB,850FF5A01FF4807945FC3C208365B94B
HTH4VCR9K3,HTH4VCR9K3.HillTop.Global,Sentinel Agent,SentinelOne Inc.,SentinelRemoteShellHost.exe,C:\Program Files\SentinelOne\Sentinel Agent 24.1.5.277,6FF9D9AAF4C6309DEFF44293A51D729D90EF91118347F4FD62CDC621B6D3FF30,7412C68E039D45ABC0AE07660B6A7F07
HTH4VCR9K3,HTH4VCR9K3.HillTop.Global,Sentinel Agent,SentinelOne Inc.,SentinelScanFromContextMenu.exe,C:\Program Files\SentinelOne\Sentinel Agent 24.1.5.277,7B8DDF4EECE4A3FB9B31D0331249311415B5690A6C0BA069F170F4FA5B1A0520,B0BE56C56B5DDAD0D1B12E60FE4F90E5
HTH4VCR9K3,HTH4VCR9K3.HillTop.Global,Sentinel Agent,SentinelOne Inc.,SentinelServiceHost.exe,C:\Program Files\SentinelOne\Sentinel Agent 24.1.5.277,87CDB3F02941F3BACE8D488BE54FCAA13D745054CD0BA7E177C1DE7451706DA3,4D7E9B5750226748A40BC4A7B191D62E
HTH4VCR9K3,HTH4VCR9K3.HillTop.Global,Sentinel Agent,SentinelOne Inc.,SentinelStaticEngine.exe,C:\Program Files\SentinelOne\Sentinel Agent 24.1.5.277,80087D4778AF80C8B102B502DDD6E5619C34892E4039E5EA6E5FBC8CB45327B0,268150D332CD1AE738C9ECA7FE876EC5
HTH4VCR9K3,HTH4VCR9K3.HillTop.Global,Sentinel Agent,SentinelOne Inc.,SentinelStaticEngineScanner.exe,C:\Program Files\SentinelOne\Sentinel Agent 24.1.5.277,F965F38DDD6B4908B59479D313584DB32C02F24B12F80F150FA78350D0537675,AF1884542B0B5C02D9DC73827EBEA8D5
HTH4VCR9K3,HTH4VCR9K3.HillTop.Global,Sentinel Agent,SentinelOne Inc.,SentinelUI.exe,C:\Program Files\SentinelOne\Sentinel Agent 24.1.5.277,49A43FEAA65A69367FCF0A42D5FA33A739FAA3016813A0337B54090DC1D66888,11405AC5D657217D287CD820BCA6FEEA
HTH4VCR9K3,HTH4VCR9K3.HillTop.Global,Sentinel Agent,SentinelOne Inc.,uninstall.exe,C:\Program Files\SentinelOne\Sentinel Agent 24.1.5.277,1D64CEB45DB3F1F008B4C97126A944B2BD60B0D910E3C0EA1CB258773312AA4D,6389FC63AC45496CFEBC7600A47DD471
HTH4VCR9K3,HTH4VCR9K3.HillTop.Global,BGInfo,Sysinternals - www.sysinternals.com,Bginfo.exe,C:\Program Files\SysInternals\BGInfo,9EDB2C6F17E4AB3B372C7992F2E33CC010F4540D2585BE5482355DDDF280C22E,DD10D76C836E8E717032F02EB28E049D
HTH4VCR9K3,HTH4VCR9K3.HillTop.Global,BGInfo,Sysinternals - www.sysinternals.com,Bginfo64.exe,C:\Program Files\SysInternals\BGInfo,99CBD0CE2A5FDEF88F41B47BA07786C641D582D8A0800F39618799AD1425DF82,6C86343A7D4BF2C7B938AC5AB35F12E5
HTH4VCR9K3,HTH4VCR9K3.HillTop.Global,Nessus,Tenable Inc.,nasl.exe,C:\Program Files\Tenable\Nessus Agent,48D75794956683CD62AE12586A2D20C94E69BE3F592AC4E1E8B7D799C07A040E,E019F87D78679162C9A50A6AEF7C5ABF
HTH4VCR9K3,HTH4VCR9K3.HillTop.Global,Nessus,Tenable Inc.,nessus-agent-module.exe,C:\Program Files\Tenable\Nessus Agent,10C8A76B7E208043DE9BA5DEABD14FCBD0551574410B0400BBECD86765FDE873,E2250C39D96D39F11369B9767A059403
HTH4VCR9K3,HTH4VCR9K3.HillTop.Global,Nessus,Tenable Inc.,nessus-service.exe,C:\Program Files\Tenable\Nessus Agent,89176D162E4831DCD4DDD1E95C209D8FF6E25EF9710DF404D134E357C3377DDC,9AE042AE08A5D10E9081B40BC3A9B2A3
HTH4VCR9K3,HTH4VCR9K3.HillTop.Global,Nessus,Tenable Inc.,nessuscli.exe,C:\Program Files\Tenable\Nessus Agent,A7F830F100D3F6BB83FFB09037DD8067B392C4CB1A2D341265B3CDD31FBBA5B7,7F995A9599C1BF5E22DA19FF49B9A48F
HTH4VCR9K3,HTH4VCR9K3.HillTop.Global,Nessus Module Host,Tenable,nessusd.exe,C:\Program Files\Tenable\Nessus Agent,CCD1B028E2C9821B948E658364DD3A6FDAC8C9718D9CF9AFDC0962E4197F4A69,DDCD3A5D95DC1AD335A5F7914AC38F48
HTH4VCR9K3,HTH4VCR9K3.HillTop.Global,Microsoft (R) Windows (R) Operating System,Microsoft Corporation,Microsoft.UpdateServices.UI.OOBEWizard.exe,C:\Program Files\Update Services\AdministrationSnapin,949C041718E7096DA88210398E7D62A09433A01C1BB50270EC37362DE6488DD0,C829987A60A5249EE298BACE83337678
HTH4VCR9K3,HTH4VCR9K3.HillTop.Global,Microsoft (R) Windows (R) Operating System,Microsoft Corporation,WsusUtil.exe,C:\Program Files\Update Services\Tools,8679A959CA8AEDB2DE59F1C5F04BA2EC437379F5ED5ABFADD967B04591F1CECD,398C1BC246B13C8DC02D989F4C7B5695
HTH4VCR9K3,HTH4VCR9K3.HillTop.Global,Microsoft® Windows® Operating System,Microsoft Corporation,OfflineScannerShell.exe,C:\Program Files\Windows Defender\Offline,D1F81D7C43B522E39F0FD14E1C25F97E7894CEBBE1F43320CBB66BE1528A7A72,2776A2B1C9D82F3FEBAA8CA1F5544992
HTH4VCR9K3,HTH4VCR9K3.HillTop.Global,Microsoft® Windows® Operating System,Microsoft Corporation,ConfigSecurityPolicy.exe,C:\Program Files\Windows Defender,545F9356969C1D50E6FA0DEF359900F84553A7FDA29EDC55693CDE8B399E52BB,828221391F701B2CD7D1BF772A5B369E
HTH4VCR9K3,HTH4VCR9K3.HillTop.Global,Microsoft® Windows® Operating System,Microsoft Corporation,MpCmdRun.exe,C:\Program Files\Windows Defender,09C6A18F0DEF6FB156DFF6F8EF3EAC3F27A23BE141338E21EADDA093B84AB0F2,4F2C9892C74315AD23E03A84FC3C15CD
HTH4VCR9K3,HTH4VCR9K3.HillTop.Global,Microsoft® Windows® Operating System,Microsoft Corporation,MpCopyAccelerator.exe,C:\Program Files\Windows Defender,1241F24AC9C5A111F21C5CEF831A5881A5C06229E09D158CBF2AC54E41C4E1C9,BF16294ABC456381F5F8C8BA7CA68933
HTH4VCR9K3,HTH4VCR9K3.HillTop.Global,Microsoft® Windows® Operating System,Microsoft Corporation,MpDlpCmd.exe,C:\Program Files\Windows Defender,98EFF3DF7B16B9743B4F5A89F163406946E8C42229DEFCEB77E26BB5B2FF307A,9CA81B59C17591C8B09AF4D753A28020
HTH4VCR9K3,HTH4VCR9K3.HillTop.Global,Microsoft® Windows® Operating System,Microsoft Corporation,MsMpEng.exe,C:\Program Files\Windows Defender,0C60E5D6BB49E1F85DEA4305BCB2308708A11A8A2C228D0C1F3F41BE79AF09C2,2C2714BAB4E11FD6865DDF8B501A212D
HTH4VCR9K3,HTH4VCR9K3.HillTop.Global,Microsoft® Windows® Operating System,Microsoft Corporation,NisSrv.exe,C:\Program Files\Windows Defender,6BFE5B785D96525C9F060474837A83434E9EEAB498A07396C5EDB7EA925BF8B9,852AAE2F9F2F13FD6AECC1E1817D8BF1
HTH4VCR9K3,HTH4VCR9K3.HillTop.Global,Microsoft® Windows® Operating System,Microsoft Corporation,SenseCE.exe,C:\Program Files\Windows Defender Advanced Threat Protection\Classification,3AFE6E42E4C095BB160CD1F60FCA2BA5F2A167736398423F4214A2C3885E93C0,54D8881BEB90C73B76B2964A030E1B76
HTH4VCR9K3,HTH4VCR9K3.HillTop.Global,Microsoft® Windows® Operating System,Microsoft Corporation,MsSense.exe,C:\Program Files\Windows Defender Advanced Threat Protection,A5A83CAFC97EF84FB9862A2C872452040AB2ABD32A9941BCF87C0CFFB5BB9202,C4B7C3C12BB4AED1DC08FFB0FBE2D8D9
HTH4VCR9K3,HTH4VCR9K3.HillTop.Global,Microsoft® Windows® Operating System,Unknown,SenseAP.exe,C:\Program Files\Windows Defender Advanced Threat Protection,6D2AC0D240424BE77A8D2B256C7A87D61C9C48120F73ED3B5FA5D7C71A17CD60,26FAC4B0B6E39F2E21A2D1082373C61F
HTH4VCR9K3,HTH4VCR9K3.HillTop.Global,Microsoft® Windows® Operating System,Unknown,SenseAPToast.exe,C:\Program Files\Windows Defender Advanced Threat Protection,E6938AA48A52813E5E01BCE3D08413CD0D7FBAE56F55A88DD3F7FC65C77A8FF5,EFFFD9764BF6C008CC5FEBFFD03EEFAD
HTH4VCR9K3,HTH4VCR9K3.HillTop.Global,Microsoft (R) Windows (R) Operating System,Microsoft,SenseCM.exe,C:\Program Files\Windows Defender Advanced Threat Protection,BBA87045C298791136D5E6769B04C81BC7233335AD9653806AB78F5C4AA9BBD5,04D455715D08CD3569972D41D4A07E2F
HTH4VCR9K3,HTH4VCR9K3.HillTop.Global,Microsoft® Windows® Operating System,Microsoft Corporation,SenseDlpProcessor.exe,C:\Program Files\Windows Defender Advanced Threat Protection,73365395B3A98C224984FC54DC6341B79EE787D25310C0901629E1BF91133F61,06D69035542DEB123A9B012C86D3067E
HTH4VCR9K3,HTH4VCR9K3.HillTop.Global,Microsoft® Windows® Operating System,Microsoft Corporation,SenseGPParser.exe,C:\Program Files\Windows Defender Advanced Threat Protection,5A4FAF5D1797BF1B193E3EB48765D37F507ECD19FFD6B56E3FC8B07126CDEA22,DFF730499440247DAD573A55EB91A37D
HTH4VCR9K3,HTH4VCR9K3.HillTop.Global,Microsoft (R) Windows (R) Operating System,Microsoft Corporation,SenseIdentity.exe,C:\Program Files\Windows Defender Advanced Threat Protection,28BD40E5D6A3A51CE7B2F5B9BBE9B6FEE5244EB88B3AAD1BEEAAE83D2EDEB546,87B5F0A39C3B004EC31B0DB38E2AB86B
HTH4VCR9K3,HTH4VCR9K3.HillTop.Global,Microsoft® Windows® Operating System,Microsoft Corporation,SenseImdsCollector.exe,C:\Program Files\Windows Defender Advanced Threat Protection,863456D64EDA156A86B2B2DEE920D8881EABE610890ACA50B57FE9E77CA296CF,5BF0692A4B3A36023F1D27C858422E71
HTH4VCR9K3,HTH4VCR9K3.HillTop.Global,Microsoft® Windows® Operating System,Microsoft Corporation,SenseIR.exe,C:\Program Files\Windows Defender Advanced Threat Protection,F625A188F6B66296BBAF27A21F631214838F0EF6027B72B28ED22F8F980FF436,862E89711005772126D4FE06D3AA2412
HTH4VCR9K3,HTH4VCR9K3.HillTop.Global,Microsoft (R) Windows (R) Operating System,Microsoft,SenseNdr.exe,C:\Program Files\Windows Defender Advanced Threat Protection,F5305E68FB040F31B06A56540F1FCF31150C2C1DB595DA19D9940F8711706A65,D9CF27B420608E6CB8AB51418B991895
HTH4VCR9K3,HTH4VCR9K3.HillTop.Global,Microsoft® Windows® Operating System,Microsoft Corporation,SenseSampleUploader.exe,C:\Program Files\Windows Defender Advanced Threat Protection,9A8033F1FB42B12937705A163F8548FF84222CED18C1B45829D1FF55EED22BD5,449A6DB7F469CF087B26EF681F1CB918
HTH4VCR9K3,HTH4VCR9K3.HillTop.Global,Microsoft® Windows® Operating System,Microsoft Corporation,SenseTracer.exe,C:\Program Files\Windows Defender Advanced Threat Protection,218861D231A03E60D3CD25F6CC68C5346D5E61F572E39DF54FFCBDA749DD9724,24AB4BA23C859ADF1A31423EF91EA1C8
HTH4VCR9K3,HTH4VCR9K3.HillTop.Global,Microsoft (R) Windows (R) Operating System,Unknown,SenseTVM.exe,C:\Program Files\Windows Defender Advanced Threat Protection,C57A49C88E9EA45883C41FEA55CACA2EA3DBADD10A713F5AA9C079AD18F860CF,B2994BCE7F4EA7E84FF4B0CE1625F6F9
HTH4VCR9K3,HTH4VCR9K3.HillTop.Global,Microsoft® Windows® Operating System,Microsoft Corporation,wab.exe,C:\Program Files\Windows Mail,2EAB6C75F31F21FF4CE8ACE89B3C504B3C383036DA936DDE2286C6B1FD3C6FA6,20F0551A9D68457A511536D9FF7FEF94
HTH4VCR9K3,HTH4VCR9K3.HillTop.Global,Microsoft® Windows® Operating System,Microsoft Corporation,wabmig.exe,C:\Program Files\Windows Mail,EBA49954042506DFCB35A1E6EF882635193672F1A695876ABE4D7F4F82EB3B3D,24A4194D98521A8D7543A1749E4B608C
HTH4VCR9K3,HTH4VCR9K3.HillTop.Global,Microsoft® Windows® Operating System,Microsoft Corporation,setup_wm.exe,C:\Program Files\Windows Media Player,593F5D2DFB14D2236E8007FFCCC231542A91561F0DC1EF4660EB739C4BA8A0A3,1CC0416605E4C934B3C52554FF3620A0
HTH4VCR9K3,HTH4VCR9K3.HillTop.Global,Microsoft® Windows® Operating System,Microsoft Corporation,wmlaunch.exe,C:\Program Files\Windows Media Player,AF4448398F14A777602738EA0495ED53C7476107521F0F0EC609A84C80D56A0D,B10F47FB3CB639B67BF875DC41B47B57
HTH4VCR9K3,HTH4VCR9K3.HillTop.Global,Microsoft® Windows® Operating System,Microsoft Corporation,wmpconfig.exe,C:\Program Files\Windows Media Player,9E666930A8E57742C72B8AF642B6E8E199BEBCC2E598CDFCF7066E4C7E1047FB,00D8E146D12E4885372E73B18EBFD19F
HTH4VCR9K3,HTH4VCR9K3.HillTop.Global,Microsoft® Windows® Operating System,Microsoft Corporation,wmplayer.exe,C:\Program Files\Windows Media Player,A76707876FE893904E533014AB146B1747FB052CA766C075822A954ED4B99417,50604BB1EF0D159BB392330E71F03892
HTH4VCR9K3,HTH4VCR9K3.HillTop.Global,Microsoft® Windows® Operating System,Microsoft Corporation,wmpnetwk.exe,C:\Program Files\Windows Media Player,1EB6A49369E221874FC770AB96A1A5D1D13876AC0BC144A87F3DA0088A5C3A38,FE4F40BAFFA77CFF7A2559CFD9777D17
HTH4VCR9K3,HTH4VCR9K3.HillTop.Global,Microsoft® Windows® Operating System,Microsoft Corporation,wmpnscfg.exe,C:\Program Files\Windows Media Player,D2401997559BF54DEDA0BCB1EA5C2529AC1F670DD3A70D44E7C114E2E33881F8,1D74F39AB9FF12109EDA72B0B20A2D04
HTH4VCR9K3,HTH4VCR9K3.HillTop.Global,Microsoft® Windows® Operating System,Microsoft Corporation,wmprph.exe,C:\Program Files\Windows Media Player,D05F66A2AA4A82D7932494EBF54DB41EA16666FED3E83A1A36A6766B8441BB49,EECAD7174AFE434BEC3FE4E67B54FBF5
HTH4VCR9K3,HTH4VCR9K3.HillTop.Global,Microsoft® Windows® Operating System,Microsoft Corporation,wmpshare.exe,C:\Program Files\Windows Media Player,60D0689D631877FF9954BD893626D5955CAEB95599CB15D0C54144E122BD7612,63BDA347F4F923319C466F11395C9A1D
HTH4VCR9K3,HTH4VCR9K3.HillTop.Global,Microsoft® Windows® Operating System,Microsoft Corporation,wordpad.exe,C:\Program Files\Windows NT\Accessories,402A4217C552D884D9AFAB5A35F4299BEDAA8D77D778C014E24306715A5CF0EC,3083CEDEB6716B2D15CC8E5A0ED17A80
HTH4VCR9K3,HTH4VCR9K3.HillTop.Global,Microsoft® Windows® Operating System,Microsoft Corporation,ImagingDevices.exe,C:\Program Files\Windows Photo Viewer,B01C0831694BBBE773540EAE0E34915FB95747F6151F99D60442BA891A08641D,FE068DD0E6E75463D6476E40335B78B0
HTH4VCR9K3,HTH4VCR9K3.HillTop.Global,Pester,Unknown,Pester.bat,C:\Program Files\WindowsPowerShell\Modules\Pester\3.4.0\bin,EB83A9D837CFE2F409CA3839B017E307A7A65782CB6A0AE0C50731C244DAD40E,AE50055B1CDF8855C89616473392C167
HTH4VCR9K3,HTH4VCR9K3.HillTop.Global,Build,Unknown,Build.bat,C:\Program Files\WindowsPowerShell\Modules\Pester\3.4.0,5DDA94698370CAF157D4FD6E669B630F9A2AD529A9DCE75710AB64F85FFA34D3,FBA5E49A848A2EAAB7F51E2ADB48D63F
HTH4VCR9K3,HTH4VCR9K3.HillTop.Global,Zoom,Zoom Communications Inc.,ZoomOutlookMAPI.exe,C:\Program Files\Zoom\bin\ZoomOutlookMAPI,7826DB54A080F8EA050213284F64BB6559CFBE8D7235B0BD64A60B9DE495EA6E,0AF5920D256A092E3100F7259A552C7B
HTH4VCR9K3,HTH4VCR9K3.HillTop.Global,Zoom,Zoom Communications Inc.,ZoomOutlookMAPI64.exe,C:\Program Files\Zoom\bin\ZoomOutlookMAPI,8B427727E0C05838D1C77054252C98CD0FE3A85F4A9AE29C8FA132634C872DA3,849626B0A66167EECD8BD43F47D4CE3A
HTH4VCR9K3,HTH4VCR9K3.HillTop.Global,AirHost,Zoom Video Communications Inc.,airhost.exe,C:\Program Files\Zoom\bin,F1B05042267BDD2317891368C98190E0FB851CD5F8FED943BEA37BEB737F82B8,A46C27A9626766659896D6A0CD761667
HTH4VCR9K3,HTH4VCR9K3.HillTop.Global,Zoom,Zoom Communications Inc.,aomhost64.exe,C:\Program Files\Zoom\bin,6A88105844AB769CD0EB7C100D86ED8C528287E86E3DDD16713DD4EBACEB383F,5BDB17510D36BA58EE6225A6FDF35543
HTH4VCR9K3,HTH4VCR9K3.HillTop.Global,Zoom Video Call,Zoom Communications Inc.,CptControl.exe,C:\Program Files\Zoom\bin,2A0B26DD703B64FA5835A45ADF937676E7603738AFE890C0C1BCA793284C702D,68CFE74475325EE50A5808379D0872CD
HTH4VCR9K3,HTH4VCR9K3.HillTop.Global,Adobe Acrobat 64BitMAPIBroker,Adobe Systems Incorporated,64BitMAPIBroker.exe,C:\Program Files (x86)\Adobe\Acrobat DC\Acrobat\plug_ins\pi_brokers,7396FD28F932AA8849BAAAABF06800B68DF10D850703F7C72422968AE7112028,AAC77F213C7A793E323F7A41E10FDCB6
HTH4VCR9K3,HTH4VCR9K3.HillTop.Global,MSRMSPIBroker,Unknown,MSRMSPIBroker.exe,C:\Program Files (x86)\Adobe\Acrobat DC\Acrobat\plug_ins\pi_brokers,1E0C6236E748FDCB0817DEE2DC71FB547FBDDEFBFA9165FDCD8B6476AD09FFA6,C42324795CFBC756A98BF0FCA78C9437
HTH4VCR9K3,HTH4VCR9K3.HillTop.Global,7-Zip,Igor Pavlov,7za.exe,C:\Program Files (x86)\Adobe\Acrobat DC\Acrobat\plug_ins\Preflight\UnpackTool,C63C0D739315F154C8884C7361E8F0F810A09F58115275F380D24EB50A793063,22B8CB996AAD204A58A20DCAA62B0B2A
HTH4VCR9K3,HTH4VCR9K3.HillTop.Global,Adobe Acrobat,Adobe Systems Incorporated,AcroScanBroker.exe,C:\Program Files (x86)\Adobe\Acrobat DC\Acrobat\plug_ins\Scan,83484B1103E0286BA6B21E0830853DD3B96A78DAB930088E624BC41013155624,37F5628BE9E8B123F1D66F20F9B857F8
HTH4VCR9K3,HTH4VCR9K3.HillTop.Global,PrintINF Application,Unknown,PrintInf64.exe,C:\Program Files (x86)\Adobe\Acrobat DC\Acrobat\Xtras\AdobePDF,1A7FB6AC25A55F0E7040FA88719BF2C6DA819DC609396F0F9D29CC203B8C9BCE,F855BD6D5C43DBCF1333701208259706
HTH4VCR9K3,HTH4VCR9K3.HillTop.Global,PrintINF Application,Unknown,PrintINFArm64.exe,C:\Program Files (x86)\Adobe\Acrobat DC\Acrobat\Xtras\AdobePDF,5ED430C150906C72432596C6E907BF0BC34EE0D6A77E6698C337FDB32EEF80FF,27F227E15A2A1D768659DFDF662FA8B9
HTH4VCR9K3,HTH4VCR9K3.HillTop.Global,Adobe Acrobat,Adobe Systems Incorporated,Acrobat.exe,C:\Program Files (x86)\Adobe\Acrobat DC\Acrobat,103DFABA4080F5C212A268C168333EC744B702DC30B7BA1DC3C0E25F4408D337,B9F679BB29CAC5DDA0A25C44A777BEFB
HTH4VCR9K3,HTH4VCR9K3.HillTop.Global,Adobe Acrobat,Adobe Systems Incorporated,AcrobatInfo.exe,C:\Program Files (x86)\Adobe\Acrobat DC\Acrobat,8A7C565655524CA72495816436B12037921B3CC977FC2ADEAEDEE04E0C77C70E,679240242CDD2E1FF4381B51CDEF0CBD
HTH4VCR9K3,HTH4VCR9K3.HillTop.Global,Adobe Acrobat,Adobe Systems Incorporated,acrobat_sl.exe,C:\Program Files (x86)\Adobe\Acrobat DC\Acrobat,DB8CE5E79B74C0A23809628957BA9B001F499A4B93277A70F34EFF11D885F006,4B8C87FCD35E7D4D82C510E4F00015EB
HTH4VCR9K3,HTH4VCR9K3.HillTop.Global,Adobe PDF Broker Process for Internet Explorer,Adobe Systems Incorporated,AcroBroker.exe,C:\Program Files (x86)\Adobe\Acrobat DC\Acrobat,3DB18A86A789A8C08C526AC013F206402849B93A00691468204D1E398E3383A9,72F0B4B0407D5706DF8819BC2F6886D3
HTH4VCR9K3,HTH4VCR9K3.HillTop.Global,Acrobat  Distiller for Windows,Adobe Systems Incorporated.,acrodist.exe,C:\Program Files (x86)\Adobe\Acrobat DC\Acrobat,3D8E8C10838EBD0F29F330B82898D0EE63236F698873816742F85293D2AD1593,E0EF34FFB09B21B4547001E59150AE3E
HTH4VCR9K3,HTH4VCR9K3.HillTop.Global,Adobe Acrobat Reader,Adobe Systems Incorporated,AcroRd32.exe,C:\Program Files (x86)\Adobe\Acrobat DC\Acrobat,E44844257CBAB569AC538B58274D249B626995B31088340FC6B9C643D094A267,BAEE840633570EA06B1B8465DC6E0C5D
HTH4VCR9K3,HTH4VCR9K3.HillTop.Global,Adobe Acrobat Share Target,Adobe Inc.,AcroShareTarget.exe,C:\Program Files (x86)\Adobe\Acrobat DC\Acrobat,CA4B315C70D9655AE8449D819B3CA4FB145F82EC58CEB8C2A6914025F79366E5,F430AAB6E48A5D9B841F1ED0B95B4406
HTH4VCR9K3,HTH4VCR9K3.HillTop.Global,Adobe Acrobat text extractor for non-PDF files,Adobe Systems Incorporated,AcroTextExtractor.exe,C:\Program Files (x86)\Adobe\Acrobat DC\Acrobat,48DC8A20DC06793EB0AAEE1EC89E42877893F564202E764123990D7DE319DCDD,BFE87940EAB28CAA5FBDC3F96559A30A
HTH4VCR9K3,HTH4VCR9K3.HillTop.Global,AcroTray - Adobe Acrobat Distiller helper application.,Adobe Systems Inc.,acrotray.exe,C:\Program Files (x86)\Adobe\Acrobat DC\Acrobat,A32776B78EFF550618DA07FDD2E27255C62523927E0425C9546F48A92696F416,6A9B84F09BF1DF88C0E9EFF732D4C0A7
HTH4VCR9K3,HTH4VCR9K3.HillTop.Global, ADelRCP Dynamic Link Library,Adobe Systems Inc.,ADelRCP.exe,C:\Program Files (x86)\Adobe\Acrobat DC\Acrobat,B3692D29BCFEDE867269A37B45110287ACDD0EEC8ACA39300FFFD0CAC339261D,76048EC1819156AE66C419BE0914EB52
HTH4VCR9K3,HTH4VCR9K3.HillTop.Global,Adobe Acrobat,Adobe,ADNotificationManager.exe,C:\Program Files (x86)\Adobe\Acrobat DC\Acrobat,AE741B93164130A9CCE2E9D4B17CB1A9DF13AD3106DC52C305786048D5EF3FFB,8B8B7D43FFD5FC47FA88AC1C107F597B
HTH4VCR9K3,HTH4VCR9K3.HillTop.Global,Adobe Crash Processor,Adobe Inc.,Adobe Crash Processor.exe,C:\Program Files (x86)\Adobe\Acrobat DC\Acrobat,5DB2DB60032114E8982EF56DB974DBA2D5BBA91938525332E2F2F006F9E82F3D,984CA781D2DC24F7597C1FA3D8F99FEC
HTH4VCR9K3,HTH4VCR9K3.HillTop.Global,Acrobat Collaboration Synchronizer 25.1,Adobe Systems Incorporated,AdobeCollabSync.exe,C:\Program Files (x86)\Adobe\Acrobat DC\Acrobat,3E96CB8272D75BBF73F33425897A16B9B5172A079C89A9346CBC4C2BC27E1177,6FC2805B511EF639392F33634BC37DB6
HTH4VCR9K3,HTH4VCR9K3.HillTop.Global,Adobe AIR ,Adobe Systems Inc.,arh.exe,C:\Program Files (x86)\Adobe\Acrobat DC\Acrobat,85012194A74546C1BDF1C921F58A541B12931D0B44993FDF516F51D800D4DD88,62763CE3356D1EADE149553AAB089674
HTH4VCR9K3,HTH4VCR9K3.HillTop.Global,CRLogTransport Application,Adobe Inc.,CRLogTransport.exe,C:\Program Files (x86)\Adobe\Acrobat DC\Acrobat,9AE049C1F620D743859C2EB85751AB7BC3B39EFCF3927D351252DAC167641883,849212C5252257730FE8C9F628A87E7F
HTH4VCR9K3,HTH4VCR9K3.HillTop.Global,Adobe Crash Reporter Service,Adobe Inc.,CRWindowsClientService.exe,C:\Program Files (x86)\Adobe\Acrobat DC\Acrobat,1B440EDE359473BAE7DCEBA126AA4B2C64225D2AE18E309583FEFDD3C500A668,5472621F03FFB256498950534B1B0EA3
HTH4VCR9K3,HTH4VCR9K3.HillTop.Global,FullTrustNotifier,Unknown,FullTrustNotifier.exe,C:\Program Files (x86)\Adobe\Acrobat DC\Acrobat,79F2749D62DA14EDD4B797D0AF539E996841C237795932C299B847BB7D2CD159,5236A3CD1FC50EA204F57C9F66787DC6
HTH4VCR9K3,HTH4VCR9K3.HillTop.Global, LogTransport Application,Adobe Systems Incorporated,LogTransport2.exe,C:\Program Files (x86)\Adobe\Acrobat DC\Acrobat,7398FC374D7120DDC629C219492B53E23095B5EC160647C777508B062960557A,B310362794EB4F77F812FC31E07BD18E
HTH4VCR9K3,HTH4VCR9K3.HillTop.Global,ShowAppPickerForPDF,Unknown,ShowAppPickerForPDF.exe,C:\Program Files (x86)\Adobe\Acrobat DC\Acrobat,409D9A16D97A56BC219796BA688D07F17DBCA8965FF0EBEB46DAC453577933CC,065D63EA0128952BA4BF5A7058CCBE3C
HTH4VCR9K3,HTH4VCR9K3.HillTop.Global,Adobe Reader WOW Helper,Adobe Systems Inc,wow_helper.exe,C:\Program Files (x86)\Adobe\Acrobat DC\Acrobat,CBE4174A0DA83AE7171592781C3CCAA1B2F7C0CF3CC920FA46CBA407C2CCE4A8,09A97D944066193A01434553E4770F29
HTH4VCR9K3,HTH4VCR9K3.HillTop.Global,Adobe Acrobat Elements,Adobe Systems Inc.,Acrobat Elements.exe,C:\Program Files (x86)\Adobe\Acrobat DC\Acrobat Elements,942F08FFBE772371D020E924CB4827DD4B0AD1FFEC7E848F451E9F998752148B,A3EDD07B82CC9681EA0B608FFCDB8972
HTH4VCR9K3,HTH4VCR9K3.HillTop.Global,HTML2PDFWrapFor64Bit Module,Adobe Systems Incorporated,HTML2PDFWrapFor64Bit.exe,C:\Program Files (x86)\Adobe\Acrobat DC\PDFMaker\Office,12F281CF1582A778CAA4896ED0387A390AA28C0BFD62D5C55183BA093394FA94,9B64E20741EBFA487268095614E9B3AD
HTH4VCR9K3,HTH4VCR9K3.HillTop.Global,Bootstrapper Small,Adobe Systems Incorporated,Setup.exe,C:\Program Files (x86)\Adobe\Acrobat DC\Setup Files\{AC76BA86-1033-FFFF-7760-0C0F074E4100},4B76C0EA832D58966F824CFEDB9A3831B1C286B13CC22D56E29DAD7966847184,446366CA32877E2290D0BD8F22E11809
HTH4VCR9K3,HTH4VCR9K3.HillTop.Global,MSI 3.1,Microsoft Corporation,WindowsInstaller-KB893803-v2-x86.exe,C:\Program Files (x86)\Adobe\Acrobat DC\Setup Files\{AC76BA86-1033-FFFF-7760-0C0F074E4100},69B61B2C00323CEA3686315617D0F452E205DAE10C47E02CBE1EA96FEA38F582,342F79337765760AD4E392EB67D5ED2C
HTH4VCR9K3,HTH4VCR9K3.HillTop.Global,Cisco Secure Client,Cisco Systems Inc.,vpndownloader.exe,C:\Program Files (x86)\Cisco\Cisco AnyConnect Secure Mobility Client,069D40D20A0CDAD7192E21307F01FCD3C5C83B24E57DCDF0C10997FD6CA7E974,D3ADC554488921B4D61366237F081DA1
HTH4VCR9K3,HTH4VCR9K3.HillTop.Global,Cisco Secure Client,Cisco Systems Inc.,wineventlog.exe,C:\Program Files (x86)\Cisco\Cisco Secure Client\DART\plugin,5B3431A1E2550F2E9EDB1DEE51EA2D58D592397F447E1443C794A2943E6A4DBA,19D9EA758143E0BFFD741601C56F61B8
HTH4VCR9K3,HTH4VCR9K3.HillTop.Global,CollectRegistries,Unknown,CollectRegistries.bat,C:\Program Files (x86)\Cisco\Cisco Secure Client\DART,DB4889D116827308C26E9520C8443A1A266FBCB47CEB7BB021D827523CC0EF5F,08837785C1695DF3250F4D5CDFFC3E29
HTH4VCR9K3,HTH4VCR9K3.HillTop.Global,Cisco Secure Client,Cisco Systems Inc.,dartcli.exe,C:\Program Files (x86)\Cisco\Cisco Secure Client\DART,7F291D72EDBF164BBB1B9FD7D064C22257EEE5E14D76C3D8355024ADF6675806,5A133F124BAAE1ABCFDB535FCA344FF8
HTH4VCR9K3,HTH4VCR9K3.HillTop.Global,Cisco Secure Client,Cisco Systems Inc.,DartOffline.exe,C:\Program Files (x86)\Cisco\Cisco Secure Client\DART,43E88928A74C3EC58F7488A6FCA4B0C096121A6FD4D82C70037A77604ADCDFA3,B37A7D1EB03DA97030FEF36D74EC5A8A
HTH4VCR9K3,HTH4VCR9K3.HillTop.Global,Cisco Secure Client,Cisco Systems Inc.,secure-client-install-state.exe,C:\Program Files (x86)\Cisco\Cisco Secure Client\DART,013E872B3B4001785B6988A6A80D0D0537472893B59A3F41BF104F4CB184B2FB,A4598DD43CF52FBED4331E9B38AA9B7D
HTH4VCR9K3,HTH4VCR9K3.HillTop.Global,CheckStatus,Unknown,CheckStatus.bat,C:\Program Files (x86)\Cisco\Cisco Secure Client\Third Party\Npcap,102EFB3C86BCD94BF10DECA9E787BA3C1BB2075279317413A85B785FB519C789,CA8A429838083C351839C258679BC264
HTH4VCR9K3,HTH4VCR9K3.HillTop.Global,DiagReport,Unknown,DiagReport.bat,C:\Program Files (x86)\Cisco\Cisco Secure Client\Third Party\Npcap,0843361F05255E3970ED955171C20003238756C57137FEF9AC19D29FBD49F9F6,B82606A6AFB3777D62E35E8D9850FAED
HTH4VCR9K3,HTH4VCR9K3.HillTop.Global,FixInstall,Unknown,FixInstall.bat,C:\Program Files (x86)\Cisco\Cisco Secure Client\Third Party\Npcap,C6158E40BDFD88E892EE6C4DA3A16A037EDF2CC77DC008CBD8FBEB44C643DDDA,3DCB581D39D9349A906368B77A4CEDFA
HTH4VCR9K3,HTH4VCR9K3.HillTop.Global,Npcap,Insecure.Com LLC.,NPFInstall.exe,C:\Program Files (x86)\Cisco\Cisco Secure Client\Third Party\Npcap,5D54A5E7230BAF2B80689EE49D263612A6011BC46EC52843E7B4297E9656D32D,C01BEB6C3526554EC9DFAD40502317F2
HTH4VCR9K3,HTH4VCR9K3.HillTop.Global,Npcap,Unknown,Uninstall.exe,C:\Program Files (x86)\Cisco\Cisco Secure Client\Third Party\Npcap,685800E60444558FF66AFF832CA72311281935B9972DEF7485D97A236C04E0BA,182AFDB82027F2D3CF246FF586DDFF9D
HTH4VCR9K3,HTH4VCR9K3.HillTop.Global,Npcap OEM,Unknown,npcap-1.79-oem.exe,C:\Program Files (x86)\Cisco\Cisco Secure Client\Third Party,B296459684A473F89E365805D104ADF7C65EDD2817E82C0307B7F87BE49AA3DA,6E0BCDE4116A0CE1A4DDDCEC3B71E63A
HTH4VCR9K3,HTH4VCR9K3.HillTop.Global,Cisco Secure Client - ThousandEyes Endpoint Agent,Cisco Systems Inc.,crashpad_handler.exe,C:\Program Files (x86)\Cisco\Cisco Secure Client\ThousandEyes Endpoint Agent,DEEAC8845459033EF1886BB5D4E30D571706439CB80C6BE6F7EF7DFFC9C23439,662AF8E29789492D9A042AE1378D8774
HTH4VCR9K3,HTH4VCR9K3.HillTop.Global,Cisco Secure Client - ThousandEyes Endpoint Agent,Cisco Systems Inc.,csc_te_agent.exe,C:\Program Files (x86)\Cisco\Cisco Secure Client\ThousandEyes Endpoint Agent,19969667450A66A847B897D7E671696D8FDE3732A4F05413F40ABEEEF8B72E21,429A43C209192487E980EF9D66E0DC96
HTH4VCR9K3,HTH4VCR9K3.HillTop.Global,Cisco Secure Client - ThousandEyes Endpoint Agent,Cisco Systems Inc.,csc_te_chromehelper.exe,C:\Program Files (x86)\Cisco\Cisco Secure Client\ThousandEyes Endpoint Agent,1CFB2E5C0A076D080A7851D4C6E07EDD07C5CA3CE8D30A8EAC6123FD475A6B43,96F6602E564B42B811487003F27C7E7C
HTH4VCR9K3,HTH4VCR9K3.HillTop.Global,Cisco Secure Client - ThousandEyes Endpoint Agent,Cisco Systems Inc.,csc_te_diagnostics.exe,C:\Program Files (x86)\Cisco\Cisco Secure Client\ThousandEyes Endpoint Agent,0E2E8302868534ABFABBB7801F97AD7F00BB88FFDB70AF8A0116D6F5656DAFFC,FF2804A04C5D7321A6D5DD019CB98B88
HTH4VCR9K3,HTH4VCR9K3.HillTop.Global,Cisco Secure Client - ThousandEyes Endpoint Agent,Cisco Systems Inc.,csc_te_guardian.exe,C:\Program Files (x86)\Cisco\Cisco Secure Client\ThousandEyes Endpoint Agent,F47599547A651C31F933AF68503A6CF09632E0D0FEF59DA81A4ACCDCCA8F671E,9E29230BB855D3848F44BE60EA298142
HTH4VCR9K3,HTH4VCR9K3.HillTop.Global,Cisco Secure Client - ThousandEyes Endpoint Agent,Cisco Systems Inc.,csc_te_proxy.exe,C:\Program Files (x86)\Cisco\Cisco Secure Client\ThousandEyes Endpoint Agent,8C2A6208B421E6AEFE11D37CB1FE7DC12C1A28738E11F22EFB7EF03550444854,EE02006921D78EA0444575A30221BA8B
HTH4VCR9K3,HTH4VCR9K3.HillTop.Global,Cisco Secure Client - ThousandEyes Endpoint Agent,Cisco Systems Inc.,csc_te_updater.exe,C:\Program Files (x86)\Cisco\Cisco Secure Client\ThousandEyes Endpoint Agent,00B01DA387CA1C80F40032DAEDB6008B85C09CE5B3C600983D25F3107D2ECE9C,210374D831C94CFD415307D9DFB7F8A0
HTH4VCR9K3,HTH4VCR9K3.HillTop.Global,Cisco Secure Client - ThousandEyes Endpoint Agent,Cisco Systems Inc.,csc_te_user_agent.exe,C:\Program Files (x86)\Cisco\Cisco Secure Client\ThousandEyes Endpoint Agent,5C8E245163DF83C50141D79E4A5E42A8F9F0D06F2BBAE677D4DE5F537CB78B6A,EDED8A6A685F6613F3F2BB08E41EEE3F
HTH4VCR9K3,HTH4VCR9K3.HillTop.Global,Cisco Secure Client,Cisco Systems Inc.,csc_ui.exe,C:\Program Files (x86)\Cisco\Cisco Secure Client\UI\Setup\5.1.9.460,5AEE4C0CAEFF8727C225BD52F5A66B091499B21CC1CF70AAC3E9E86DA199AB06,C92754AECBFE20DDED83BA6B2883A8A5
HTH4VCR9K3,HTH4VCR9K3.HillTop.Global,Cisco Secure Client,Cisco Systems Inc.,csc_ui.exe,C:\Program Files (x86)\Cisco\Cisco Secure Client\UI,5AEE4C0CAEFF8727C225BD52F5A66B091499B21CC1CF70AAC3E9E86DA199AB06,C92754AECBFE20DDED83BA6B2883A8A5
HTH4VCR9K3,HTH4VCR9K3.HillTop.Global,Cisco Secure Client,Cisco Systems Inc.,csc_zta_agent.exe,C:\Program Files (x86)\Cisco\Cisco Secure Client\ZTA,7572BE2C13329726EE0EEBAEEED1103877B4B605B89097E9A9C21D87EB62DC0E,1BF0C749CF414234849A336CDF2B96C7
HTH4VCR9K3,HTH4VCR9K3.HillTop.Global,Cisco Secure Client,Cisco Systems Inc.,acextwebhelper.exe,C:\Program Files (x86)\Cisco\Cisco Secure Client,4815897966C54ADF9AB6D65C78E185A31C68472F0661CDB6150F1854FAC1E065,F0C1A18DA9E44B3551D3B9E2C95E48FC
HTH4VCR9K3,HTH4VCR9K3.HillTop.Global,Cisco Secure Client,Cisco Systems Inc.,acsocktool.exe,C:\Program Files (x86)\Cisco\Cisco Secure Client,152E2788FF852881F0D4BCCE06530456A9DCAD23559C94010B88916AE0CF3A9C,00BD0857BB0217A81CC9B51419B6C0AF
HTH4VCR9K3,HTH4VCR9K3.HillTop.Global,Cisco Secure Client,Cisco Systems Inc.,acumbrellaagent.exe,C:\Program Files (x86)\Cisco\Cisco Secure Client,73CA025DED7D52051C03F43AF73E2A897509BFC3220C7923F872246BB5A7D479,F47B93BD49E55505BBD5200CB2ED50DE
HTH4VCR9K3,HTH4VCR9K3.HillTop.Global,Cisco Secure Client,Cisco Systems Inc.,acwebhelper.exe,C:\Program Files (x86)\Cisco\Cisco Secure Client,09C59AE4F6D77016D803A55B7BABFE3D1938477E919587015851049F91A65A39,F36FEA273EEA6FD17890DDEF970FFE49
HTH4VCR9K3,HTH4VCR9K3.HillTop.Global,Cisco Secure Client SWG Module,Cisco Systems Inc.,csc_swgagent.exe,C:\Program Files (x86)\Cisco\Cisco Secure Client,A68D542BE1B8D114624D477263EB6404F1D3C5F3B336D4EDB39F8E5C25F09469,BF4BB9F18132D2DEAB714A794107609E
HTH4VCR9K3,HTH4VCR9K3.HillTop.Global,Cisco DNS Proxy,Cisco Systems Inc.,dnscrypt-proxy.exe,C:\Program Files (x86)\Cisco\Cisco Secure Client,68C674EE0B4C9044E96C773E1859DD673C1D9BF0422581A3FCA6E87B4CC3D88D,D826CF666B3EDC40D612E2518D61E557
HTH4VCR9K3,HTH4VCR9K3.HillTop.Global,Umbrella Roaming Client,Cisco Systems Inc.,dnscryptproxy.exe,C:\Program Files (x86)\Cisco\Cisco Secure Client,521D24381B27C5CFCA76201E27434D4B9A9868FD9179562F3F386D0763883BF7,A4492FA4D2A057D27645BA2444B6EC9C
HTH4VCR9K3,HTH4VCR9K3.HillTop.Global,Cisco Secure Client,Cisco Systems Inc.,ProxyCon.exe,C:\Program Files (x86)\Cisco\Cisco Secure Client,E3FDE2C44CAB5C73F3BCF61539C069B210BAF4B6D4376FA2379E0F0B73C19261,8F0E8A309A07DDE0993B9224FE423571
HTH4VCR9K3,HTH4VCR9K3.HillTop.Global,Cisco AnyConnect Secure Mobility Client,Cisco Systems Inc.,UmbrellaDiagnostic.exe,C:\Program Files (x86)\Cisco\Cisco Secure Client,D6890F90DBE7BAAE5B708DEBFA02B7BE73102FF328F551A3B713D334B614DD26,DBF94E8F332340044BE41F7D26938656
HTH4VCR9K3,HTH4VCR9K3.HillTop.Global,Cisco Secure Client,Cisco Systems Inc.,VACon64.exe,C:\Program Files (x86)\Cisco\Cisco Secure Client,1E1672518B9145D3FE16480F30DC6F26E7DDEAE6F684609721EC025B85672270,6ACE3AF4C5A8976EDF5216FB24755110
HTH4VCR9K3,HTH4VCR9K3.HillTop.Global,Cisco Secure Client,Cisco Systems Inc.,vpnagent.exe,C:\Program Files (x86)\Cisco\Cisco Secure Client,F96C9522A88BBC4D5942FC829D0C4EE07C16C6BEF45A64B04D3363D8434E58DB,0542132FC64BB183388F35E36E0E1E79
HTH4VCR9K3,HTH4VCR9K3.HillTop.Global,TokenGenerator64.exe,Adobe Systems Incorporated,TokenGenerator64.exe,C:\Program Files (x86)\Common Files\Adobe\OOBE\PDApp\D6,F91D0AD762C5B2CF8BC509267E2863F169044FE34F2FF73E7A5F7DC414925525,AD2AD3A1E396056F559A68ED17808EBA
HTH4VCR9K3,HTH4VCR9K3.HillTop.Global,Adobe Setup,Adobe Systems Incorporated,Adobe_Helperx32.exe,C:\Program Files (x86)\Common Files\Adobe\OOBE\PDApp\DECore\DE5\resources\libraries,F8C61D3BA572A17C0FCF860778A2728A134E1A0500AE565A33B70750175AE504,6EAFA76D2C2D655977D5EC29E0528E1F
HTH4VCR9K3,HTH4VCR9K3.HillTop.Global,Adobe Setup,Adobe Systems Incorporated,Adobe_Helperx64.exe,C:\Program Files (x86)\Common Files\Adobe\OOBE\PDApp\DECore\DE5\resources\libraries,8444AF8A200749FBB998511999C44573ACFBA88D694478EA2C77A1FD92CE01DC,17DDD6077F6AF58B285A4EEECE917A2C
HTH4VCR9K3,HTH4VCR9K3.HillTop.Global,Adobe Setup,Adobe Systems Incorporated,CustomHook_Helperx64.exe,C:\Program Files (x86)\Common Files\Adobe\OOBE\PDApp\DECore\DE5\resources\libraries,7F85F3F610D7AC82C4C28AE7C347B917D9CFC1A99749D1F4BAFBB5D5AB124169,91631B3688BA2C3AE2E13CFA0FEC45C4
HTH4VCR9K3,HTH4VCR9K3.HillTop.Global,Adobe Setup,Adobe Systems Incorporated,TokenResolverx64.exe,C:\Program Files (x86)\Common Files\Adobe\OOBE\PDApp\DECore\DE5\resources\libraries,4B3D7183594FD71A0100C2B471D22FFBC98FE819CB2EF3B6B2E66C38A0365FB1,84AB620F19770A7186CF58CE34F05959
HTH4VCR9K3,HTH4VCR9K3.HillTop.Global,Adobe Setup,Adobe Systems Incorporated,Adobe_Helperx32.exe,C:\Program Files (x86)\Common Files\Adobe\OOBE\PDApp\DECore\DE6\resources\libraries,3F6BA0BE13A32C84C56B4B06B170B2FE85452260CCA55B469F264E4300974357,58017ECA23AEAC6D267BECA9CD614409
HTH4VCR9K3,HTH4VCR9K3.HillTop.Global,Adobe Setup,Adobe Systems Incorporated,Adobe_Helperx64.exe,C:\Program Files (x86)\Common Files\Adobe\OOBE\PDApp\DECore\DE6\resources\libraries,5A5B58D7C8EED5078610D24990013E33ACA0FDC3B4046F02EBF8DD5196C23CE6,83AAA828284E15CC68ED88805C2C626A
HTH4VCR9K3,HTH4VCR9K3.HillTop.Global,Adobe Setup,Adobe Systems Incorporated,CustomHook_Helperx64.exe,C:\Program Files (x86)\Common Files\Adobe\OOBE\PDApp\DECore\DE6\resources\libraries,5A87E4C092CCAEA690407773173301F84EE872928B09707E46EF0BDED71EE2C4,DFFAE983D08558E67BBE7DA66247C872
HTH4VCR9K3,HTH4VCR9K3.HillTop.Global,Adobe Setup,Adobe Systems Incorporated,TokenResolverx64.exe,C:\Program Files (x86)\Common Files\Adobe\OOBE\PDApp\DECore\DE6\resources\libraries,1EF166BFECFEA63241CD3EA4FAF5A2B816285E4458F41C0297453D95B06BE352,6E89526E1B453F28AAB7E907A53E275A
HTH4VCR9K3,HTH4VCR9K3.HillTop.Global,Adobe Setup,Adobe Systems Incorporated,PlatformUtil.exe,C:\Program Files (x86)\Common Files\Adobe\OOBE\PDApp\DECore,22D449EBA148F2A637CF43DB9E66CC19D933F987DA50B47EE908C7304DEF744F,52C9BAE1AB4817478DD88C1F7EF0C02C
HTH4VCR9K3,HTH4VCR9K3.HillTop.Global,Adobe Setup,Adobe Systems Incorporated,Setup.exe,C:\Program Files (x86)\Common Files\Adobe\OOBE\PDApp\DECore,A6877299D9065D2B50C6F791A0A6CD1D0AB10BC9672566F9211303A0C4686029,442A222C3BE6A4976BDA0B0A04A5ABD0
HTH4VCR9K3,HTH4VCR9K3.HillTop.Global,Adobe Setup,Adobe Systems Incorporated,Setup.exe,C:\Program Files (x86)\Common Files\Adobe\OOBE\PDApp\DWA,528DCEA2B62E96B112FB5825B651BBA5DE65D9455FBC40DABD2E94B900BC7297,4C2E4B210A8DE1999922C1D2D0BEB93A
HTH4VCR9K3,HTH4VCR9K3.HillTop.Global,TokenGenerator64.exe,Adobe Systems Incorporated,TokenGenerator64.exe,C:\Program Files (x86)\Common Files\Adobe\OOBE\PDApp\DWA,2BFACA52EEB0A84E268E367321A536570CF5C0CB114E2362FE77CEB044C0A01C,716633BFB1E36D136865CC9CF2F71577
HTH4VCR9K3,HTH4VCR9K3.HillTop.Global,Adobe IPC Broker Custom Hook,Adobe Systems Incorporated,AdobeIPCBrokerCustomHook.exe,C:\Program Files (x86)\Common Files\Adobe\OOBE\PDApp\IPC\customhook,B94C2B46E791C14C596F312E56BF9A684960EB542976F5E9254AB9E41E6C6E33,070AA7B5F2E2180330D927F040F5F93B
HTH4VCR9K3,HTH4VCR9K3.HillTop.Global,Adobe IPC Broker,Adobe Systems Incorporated,AdobeIPCBroker.exe,C:\Program Files (x86)\Common Files\Adobe\OOBE\PDApp\IPC,4659141B6C6722C4F9C1D479525F66481508397158C2C8D576668AC145E5E85C,F0C7401DA2771989BAC423F74CC696BF
HTH4VCR9K3,HTH4VCR9K3.HillTop.Global,AAM Registration Notifier Application,Adobe Systems Incorporated,AAM Registration Notifier.exe,C:\Program Files (x86)\Common Files\Adobe\OOBE\PDApp\LWA,3A437A7401C9085CC77BD715282C862645CC4C28CE1B9AC282E3107145DAE53A,28F9D71A30C9F9B9965F7EEE064EAC07
HTH4VCR9K3,HTH4VCR9K3.HillTop.Global,Adobe License Utility,Adobe Systems Incorporated,adobe_licutil.exe,C:\Program Files (x86)\Common Files\Adobe\OOBE\PDApp\LWA,9D1EE8EAF019AE6B6F83548F6015DB7FC44448772E77F015AC753B420990A7B3,81BFE542A8A2762229FBC08CACCF6391
HTH4VCR9K3,HTH4VCR9K3.HillTop.Global,AAM Registration Notifier Application,Adobe Systems Incorporated,AAM Registration Notifier.exe,C:\Program Files (x86)\Common Files\Adobe\OOBE\PDApp\P6,C71A59838193F320479B1D9974E1602D21D61D2036DC7DB9CE1ED483FFAE8BB7,D35AA836480E8EF7F68068668A3C9212
HTH4VCR9K3,HTH4VCR9K3.HillTop.Global,Adobe License Utility,Adobe Systems Incorporated,adobe_licutil.exe,C:\Program Files (x86)\Common Files\Adobe\OOBE\PDApp\P6,82B2764786CB17FCB20C7DF7E80AB7FC1175BDAE79587BE3134E4A56F0859000,1408032BB5925B0294396D56DE544170
HTH4VCR9K3,HTH4VCR9K3.HillTop.Global,Adobe Account SignIn,Adobe Inc.,AASIapp.exe,C:\Program Files (x86)\Common Files\Adobe\OOBE\PDApp\P7,F2D0BFF02235F387D95C8B9E857D7F318A705C2A004243D190DDE82029F15F17,030D5E286C9668E71DA8CCFCFA8A7137
HTH4VCR9K3,HTH4VCR9K3.HillTop.Global,Adobe License Bridge,Adobe Systems Incorporated,adobe_licensing_helper.exe,C:\Program Files (x86)\Common Files\Adobe\OOBE\PDApp\P7,01C20D7F8FD102F1C0558BC5E6F7F013F41E35F471A41059C658F4DA2476B396,55220FD290948E7F9FF87C3F6E492E0A
HTH4VCR9K3,HTH4VCR9K3.HillTop.Global,Adobe License Utility Helper,Adobe Systems Incorporated,adobe_lichelper.exe,C:\Program Files (x86)\Common Files\Adobe\OOBE\PDApp\P7,91B930E25E47998900FE90247559FC104B0FEB47E499BDF8F70B729CD23D2669,6D6033517D34C7AB360DD2F522D6171E
HTH4VCR9K3,HTH4VCR9K3.HillTop.Global,Adobe License Utility,Adobe Systems Incorporated,adobe_licutil.exe,C:\Program Files (x86)\Common Files\Adobe\OOBE\PDApp\P7,CE87D7A20AA9315F3888AB4572383B3E433CE6E5188403E8975A00397D9AB394,D92C24BEFC32C049DA7E71F87FFFA14C
HTH4VCR9K3,HTH4VCR9K3.HillTop.Global,AAM Updates Notifier Application,Adobe Systems Incorporated,AAM Updates Notifier.exe,C:\Program Files (x86)\Common Files\Adobe\OOBE\PDApp\UWA,80FB93C79767347DA80336C6DC3C37B7B1ABDC1CE038390157AE8733AA276064,1694363DF81C91D5FE85EF5CD9603F61
HTH4VCR9K3,HTH4VCR9K3.HillTop.Global,Adobe Updater AAM Launcher,Adobe Systems Incorporated,AAMLauncher.exe,C:\Program Files (x86)\Common Files\Adobe\OOBE\PDApp\UWA,B3E315EED4B6E4B62B2D5C0CE765A45907D9BD2D3FBDA4620055D56BA92F9B73,640D2BA6088B0E49048D51A08D6E9A47
HTH4VCR9K3,HTH4VCR9K3.HillTop.Global,Adobe Application Manager (Update Installer Sub System),Adobe Systems Incorporated,Adobe Application Manager (Updater).exe,C:\Program Files (x86)\Common Files\Adobe\OOBE\PDApp\UWA,F9B00AF8E1FE5B7FE1562A8D26EFFB44B88EA904660F987172A08882A1D3FFE6,BE7690FC88138D5F1D504AFBEF7E49A9
HTH4VCR9K3,HTH4VCR9K3.HillTop.Global, LogTransport Application,Adobe Systems Incorporated,LogTransport2.exe,C:\Program Files (x86)\Common Files\Adobe\OOBE\PDApp\UWA,71DCFABC89227F4C3D7C4447F445D38C86C58BED21C05E02B121061C7E02CB85,901B81C0F055D4ED5DF9967EFC82262E
HTH4VCR9K3,HTH4VCR9K3.HillTop.Global,Adobe Updater Core Helper,Adobe Systems Incorporated,updatercorehelper.exe,C:\Program Files (x86)\Common Files\Adobe\OOBE\PDApp\UWA,987759847C85900B8811B69DF40327EEF6FE6135B9F254E6663D84B9243E29DE,FA368D4CBE318233DD4D60F471D29B9A
HTH4VCR9K3,HTH4VCR9K3.HillTop.Global,Adobe Updater Startup Utility,Adobe Systems Incorporated,updaterstartuputility.exe,C:\Program Files (x86)\Common Files\Adobe\OOBE\PDApp\UWA,8566F0549FB35261DBDA9F526EF86320BB3723C31DE075AF3882B21BE15E1091,35641379D8F16BF3D6024191261AA6EF
HTH4VCR9K3,HTH4VCR9K3.HillTop.Global,Microsoft® Windows® Operating System,Microsoft Corporation,pipanel.exe,C:\Program Files (x86)\Common Files\Microsoft Shared\ink,D78F016B073DDD833F8CC0A90A9A506DD8BDF7477FD887614180D0EF0A5EA033,911CD2C6578A133D289E4D175810EA97
HTH4VCR9K3,HTH4VCR9K3.HillTop.Global,Microsoft® Windows® Operating System,Microsoft Corporation,TabTip32.exe,C:\Program Files (x86)\Common Files\Microsoft Shared\ink,59AF353C252A457E2089D8DA3C4AEBBEE4A067B5D5CD23D1C8145AAB32B245FC,A459A1CA4EFDFC9476D069B6B6B25901
HTH4VCR9K3,HTH4VCR9K3.HillTop.Global,Microsoft® Windows® Operating System,Microsoft Corporation,msinfo32.exe,C:\Program Files (x86)\Common Files\Microsoft Shared\MSInfo,FF0C71BBAB43C8557D15C81EFFCF2587A0FF5206E5C771F018CA66316F586ABF,27A8FA621845E8387F13FAF157A306E2
HTH4VCR9K3,HTH4VCR9K3.HillTop.Global,Office Source Engine,Microsoft Corporation,OSE.EXE,C:\Program Files (x86)\Common Files\Microsoft Shared\Source Engine,57EC5EB2C06CE31E78A8F958B838000B4E3CF74BD23ABCEEBDD4DA4AD7862A4E,AF35405E08D9D10239CADD4F7D409460
HTH4VCR9K3,HTH4VCR9K3.HillTop.Global,Microsoft® Visual Studio® 2010,Microsoft Corporation,VSTOInstaller.exe,C:\Program Files (x86)\Common Files\Microsoft Shared\VSTO\10.0,0870427ABD1ABED648DC11A26CA4C8024BFFF75CC23194BC115A9A98C32E7915,42E23E8A343675A507C17815E0C4A164
HTH4VCR9K3,HTH4VCR9K3.HillTop.Global,Inventory Collector,Dell Inc.,invCol.exe,C:\Program Files (x86)\Dell\SysMgt\dsia\bin\invcol,1AB8077BEDF9E4049417D6DFA957EE731420F624F2AA3E862EDA6A8A5699B5BF,87593B5D932F6C8D6D2567E6796A6604
HTH4VCR9K3,HTH4VCR9K3.HillTop.Global,Dell Client System Inventory Agent,Dell Inc.,DsiaSrv32.exe,C:\Program Files (x86)\Dell\SysMgt\dsia\bin,1F8B05539ED6DF3C304327084FC59DF8EC603D4D28CF92DCB184C2FB4415160E,A8D2B65D02F46A6515DEB31B7E90A479
HTH4VCR9K3,HTH4VCR9K3.HillTop.Global, ,Unknown,Dell.Update.SubAgent.exe,C:\Program Files (x86)\Dell\UpdateService\DCF,33D6F90A782CD717256C1C0AF5AFC71288FF75E49D63208760A594D7D804408F,4E70E8679F0AFBE955019E38A866B3FC
HTH4VCR9K3,HTH4VCR9K3.HillTop.Global,Inventory Collector,Dell Inc.,InvColPC.exe,C:\Program Files (x86)\Dell\UpdateService\Service,A2141D4EFD01C0583E730B3E3AC100C56C55F7AB22EFFAE0658B7B7781118865,71BC797064DAD0F485A9BDC7B33019A9
HTH4VCR9K3,HTH4VCR9K3.HillTop.Global,ServiceShell,Unknown,ServiceShell.exe,C:\Program Files (x86)\Dell\UpdateService,177BF074F62D371CAF9C3952EE1655433DBC212E96DE30604583D570E4768A6E,AF62C5E60617A8A6D8A128CD3D802206
HTH4VCR9K3,HTH4VCR9K3.HillTop.Global,AutoUpdateService,Unknown,AutoUpdateService.exe,C:\Program Files (x86)\Duo Desktop,3199C0179EB862D71FC3640C893D9A9764E7B1C1A7FDD233BB4D609A298DD0BA,B7ADFD6A825F8ABAFB5137E4D2371718
HTH4VCR9K3,HTH4VCR9K3.HillTop.Global,CreateAutorunEntry,Unknown,CreateAutorunEntry.exe,C:\Program Files (x86)\Duo Desktop,B00C745A58C75744C15DF358C7A8D09F8E48905975604045466EC2AC4BFF3D3C,6992A91C5538C7D174317C58B31F6A44
HTH4VCR9K3,HTH4VCR9K3.HillTop.Global,CryptoService,Unknown,CryptoService.exe,C:\Program Files (x86)\Duo Desktop,BBACAD17451B37E96D9F1D0FB5D78EA7442E96D5D47CF6CD30462C6B6BBF35A1,14C0AB9044F381AFE0DBFC24676B1782
HTH4VCR9K3,HTH4VCR9K3.HillTop.Global,Duo Desktop,Unknown,Duo Desktop.exe,C:\Program Files (x86)\Duo Desktop,B4A2D7281AA5E0FAE7C3437F8C0176D704C36EA98E0DEE88F03BCBD056E5E743,5D469C76833752EEBEA0FF9DACFCCEBF
HTH4VCR9K3,HTH4VCR9K3.HillTop.Global,TrustedPeerMessageBroker,Unknown,TrustedPeerMessageBrokerService.exe,C:\Program Files (x86)\Duo Desktop,E595DA7447761D002A2D2531AC19E0E6C6CC2B5019D6503AF3BF4C68CECE4F28,E1AD195D2117F512C97FAA7CBCC69969
HTH4VCR9K3,HTH4VCR9K3.HillTop.Global,Google Updater (x64),Google LLC,updater.exe,C:\Program Files (x86)\Google\GoogleUpdater\140.0.7272.0,7ACC2F7679ADCBE3543234D1475F96BF13C9F5CDB19CD8F4BC807515347F41AE,C3BDD1354284B1728A56D30D99C145AB
HTH4VCR9K3,HTH4VCR9K3.HillTop.Global,Browser Switcher Extension Native Host,Google Inc,lbs_native_host.exe,C:\Program Files (x86)\Google\Legacy Browser Support,499E3D35A4B63E9BC99DC319E5C592F9443B142866657144AB236390DE463C61,7EF352337F32B1867B9874750C61F492
HTH4VCR9K3,HTH4VCR9K3.HillTop.Global,Google Updater (x64),Google LLC,GoogleUpdate.exe,C:\Program Files (x86)\Google\Update,7ACC2F7679ADCBE3543234D1475F96BF13C9F5CDB19CD8F4BC807515347F41AE,C3BDD1354284B1728A56D30D99C145AB
HTH4VCR9K3,HTH4VCR9K3.HillTop.Global,Internet Explorer,Microsoft Corporation,ExtExport.exe,C:\Program Files (x86)\Internet Explorer,6E791806C2C3962F280010554849778C1B4E2A2978A40A8BA0832D54E8F28375,0D93613950E477CF33DC51CA3E40CD76
HTH4VCR9K3,HTH4VCR9K3.HillTop.Global,Internet Explorer,Microsoft Corporation,ieinstal.exe,C:\Program Files (x86)\Internet Explorer,88DA2057AC1E19571F78487CB98E68380D1FA0209FEEE5F7106B0D096DD457E1,69E7FCA93E6F9C620F22F86A7AC645FC
HTH4VCR9K3,HTH4VCR9K3.HillTop.Global,Internet Explorer,Microsoft Corporation,ielowutil.exe,C:\Program Files (x86)\Internet Explorer,229E780F009C6B900D0B193D1AE9FCAA6F821E10964552663FD163D37718D561,51044B9B1660200B4C9FD424E39860CD
HTH4VCR9K3,HTH4VCR9K3.HillTop.Global,Internet Explorer,Microsoft Corporation,iexplore.exe,C:\Program Files (x86)\Internet Explorer,BBBB47D539F7D3F4A81E0D316FA24991C3083216A2CE295794749EF786ACF643,261176C156B18E6E31697592252D70DC
HTH4VCR9K3,HTH4VCR9K3.HillTop.Global,KeePass,Dominik Reichl,KeePass.exe,C:\Program Files (x86)\KeePass2x,DC5DC13556902811E83CC9A677056CF43FF4E0D6EE1B319CC9EE07925E068A32,32DB4B7FF735194A4776B07309CF4201
HTH4VCR9K3,HTH4VCR9K3.HillTop.Global,ShInstUtil - KeePass Helper Utility,Dominik Reichl,ShInstUtil.exe,C:\Program Files (x86)\KeePass2x,A2C8AEF75D91F7CB269FCD47F451B01731E2580C9139086B9304893B21790F54,7D7EB3623398A1EE79FF35032B4500A0
HTH4VCR9K3,HTH4VCR9K3.HillTop.Global,IEToEdge BHO,Microsoft Corporation,ie_to_edge_stub.exe,C:\Program Files (x86)\Microsoft\Edge\Application\138.0.3351.77\BHO,E68F4BA004DB0C99D4B3E606B1EA07B0A7FA3020051A604CF8645FA3010EFB21,67F2095F6D399A0C0F63F8EFF9709BD1
HTH4VCR9K3,HTH4VCR9K3.HillTop.Global,Microsoft Edge Installer,Microsoft Corporation,setup.exe,C:\Program Files (x86)\Microsoft\Edge\Application\138.0.3351.77\Installer,FE270D523D37B0316B32006744D60B0D8A8423F271264A6461638B924C48AB78,F2456347319677BF6743DCD750642562
HTH4VCR9K3,HTH4VCR9K3.HillTop.Global,Microsoft Edge,Microsoft Corporation,cookie_exporter.exe,C:\Program Files (x86)\Microsoft\Edge\Application\138.0.3351.77,2948439CC6ABB0864AA9AF4C5F325C395D9A66C3D1508F800F93D06E1C7968AB,3A36E4F1B435C34488F9EBD8FC93FB8B
HTH4VCR9K3,HTH4VCR9K3.HillTop.Global,Microsoft Edge,Microsoft Corporation,elevated_tracing_service.exe,C:\Program Files (x86)\Microsoft\Edge\Application\138.0.3351.77,304D96F63E7C86C6F6EEB89C649047EC98B481231999A8CB0D76A8D44196D364,ADB67954E066ACE4742B4F78D93F4EA2
HTH4VCR9K3,HTH4VCR9K3.HillTop.Global,Microsoft Edge,Microsoft Corporation,elevation_service.exe,C:\Program Files (x86)\Microsoft\Edge\Application\138.0.3351.77,9A00BF041C250320F45ADA22A3E54A63B8F5C6EE82098CDF6AA4A16CDCA8EA25,64D090484FBCD1B5FE77026DA944A3E5
HTH4VCR9K3,HTH4VCR9K3.HillTop.Global,Microsoft Edge,Microsoft Corporation,identity_helper.exe,C:\Program Files (x86)\Microsoft\Edge\Application\138.0.3351.77,3DABDB3B0D7FAA706784DBF19023BD2F5B4B7B191EFCE69C95DE32BC8FE8CE63,B4911C2D94C25A75374FEED529E00944
HTH4VCR9K3,HTH4VCR9K3.HillTop.Global,Microsoft Edge,Microsoft Corporation,msedge.exe,C:\Program Files (x86)\Microsoft\Edge\Application\138.0.3351.77,3BF77625B73F9D94D13E06B05407A4B1F9B15EEF925B8390B4374536ACBDBAFB,596F753A3BBD2EC193811FA7680B363F
HTH4VCR9K3,HTH4VCR9K3.HillTop.Global,Microsoft Edge WebView2,Microsoft Corporation,msedgewebview2.exe,C:\Program Files (x86)\Microsoft\Edge\Application\138.0.3351.77,CAF0FC795287F70E2FB64C6081866934D4E4DFF52B21134818014AB9191D5B85,34B3CE300A2C56FEB2DF4353E7C8C56F
HTH4VCR9K3,HTH4VCR9K3.HillTop.Global,Microsoft Edge,Microsoft Corporation,msedge_proxy.exe,C:\Program Files (x86)\Microsoft\Edge\Application\138.0.3351.77,98AF7C7B1D59549BD6D3F46E512F0C39947AC0A117ED2ED018F4207E2803A0A9,50F504C242DDE0904E3178432AD9FC26
HTH4VCR9K3,HTH4VCR9K3.HillTop.Global,Microsoft Edge,Microsoft Corporation,msedge_pwa_launcher.exe,C:\Program Files (x86)\Microsoft\Edge\Application\138.0.3351.77,1E23B4CE12FD31E143A6D7FE2FA2D3E8C1E6A874C2B3595913D77F3BE9DEFC5C,4F2F37D9207224E766204F66F95CCE7A
HTH4VCR9K3,HTH4VCR9K3.HillTop.Global,Microsoft Edge,Microsoft Corporation,notification_click_helper.exe,C:\Program Files (x86)\Microsoft\Edge\Application\138.0.3351.77,B0B1647AB68CA408F7E5E43E6CD6D74B94FDDC88E38592B9F36B6D499FBC3E84,3916B585CAE46C31529FE98E0E3B9488
HTH4VCR9K3,HTH4VCR9K3.HillTop.Global,Microsoft Edge,Microsoft Corporation,msedge_pwa_launcher.exe,C:\Program Files (x86)\Microsoft\EdgeCore\138.0.3351.77,1E23B4CE12FD31E143A6D7FE2FA2D3E8C1E6A874C2B3595913D77F3BE9DEFC5C,4F2F37D9207224E766204F66F95CCE7A
HTH4VCR9K3,HTH4VCR9K3.HillTop.Global,Microsoft Edge,Microsoft Corporation,notification_helper.exe,C:\Program Files (x86)\Microsoft\EdgeCore\138.0.3351.77,B0B1647AB68CA408F7E5E43E6CD6D74B94FDDC88E38592B9F36B6D499FBC3E84,3916B585CAE46C31529FE98E0E3B9488
HTH4VCR9K3,HTH4VCR9K3.HillTop.Global,Microsoft Edge,Microsoft Corporation,pwahelper.exe,C:\Program Files (x86)\Microsoft\EdgeCore\138.0.3351.77,C412034270C2BC0DC5FBE08BA2054A8D01F642AB12365EE85A4C4D1602054551,ACE7C5BE3BEB7C64F27968B937613B2A
HTH4VCR9K3,HTH4VCR9K3.HillTop.Global,show_third_party_software_licenses,Unknown,show_third_party_software_licenses.bat,C:\Program Files (x86)\Microsoft\EdgeCore\138.0.3351.77,3E867E263B64592B2DAD5C334B6AA46D0BB46A20AA0DB01C5FF08C707C3E148D,FB20A4564050CD49CB839474EB5AC815
HTH4VCR9K3,HTH4VCR9K3.HillTop.Global,IEToEdge BHO,Microsoft Corporation,ie_to_edge_stub.exe,C:\Program Files (x86)\Microsoft\EdgeCore\138.0.3351.83\BHO,F1AB1C21189258CC24B3B565F24688A8F9E483F765CD9D80275F6DC44724F101,CD3A5013FCC735D3679EBD0F17300A67
HTH4VCR9K3,HTH4VCR9K3.HillTop.Global,Microsoft Edge Installer,Microsoft Corporation,setup.exe,C:\Program Files (x86)\Microsoft\EdgeCore\138.0.3351.83\Installer,64E3151CC98532479F80B98FD8F4A3E867772D0E1B055B52BC7B2D70B8A97D19,5A2CA087CDD453065DBD3E04887436DA
HTH4VCR9K3,HTH4VCR9K3.HillTop.Global,Microsoft Edge,Microsoft Corporation,cookie_exporter.exe,C:\Program Files (x86)\Microsoft\EdgeCore\138.0.3351.83,225E2F1CF200ADEB117063835E0E4FDB7F2CF0A4F66884AD7D99471F395E48C4,E87DD7282456AE8496E3A5A9A04D8EA8
HTH4VCR9K3,HTH4VCR9K3.HillTop.Global,Microsoft Edge,Microsoft Corporation,elevated_tracing_service.exe,C:\Program Files (x86)\Microsoft\EdgeCore\138.0.3351.83,C88604452F4A246BA07D5B8F02283988282CDA5A0CD542E03A0D0B9E7359FE8E,27482A9EFA034731738DF2465CAB2263
HTH4VCR9K3,HTH4VCR9K3.HillTop.Global,Microsoft Edge,Microsoft Corporation,elevation_service.exe,C:\Program Files (x86)\Microsoft\EdgeCore\138.0.3351.83,63F91265CF374D85B364B9033416452872F02DFA5ACD0B61D018F44A0CA6D2B4,0F1B7E620D7E702B53D4FA6166F342D7
HTH4VCR9K3,HTH4VCR9K3.HillTop.Global,Microsoft Edge,Microsoft Corporation,identity_helper.exe,C:\Program Files (x86)\Microsoft\EdgeCore\138.0.3351.83,B6AD32CBF0C39F14CA83B765F802153F0E52E5F168BC3B8B036F4071F7809180,DD104539F4696FE47B5962A398175186
HTH4VCR9K3,HTH4VCR9K3.HillTop.Global,Microsoft Edge,Microsoft Corporation,msedge.exe,C:\Program Files (x86)\Microsoft\EdgeCore\138.0.3351.83,7CD071957C8786F8441094F9D66F1A2CE9393CBD4E94C1BFF09BB438DD366773,561E49F7FB2C4ADCA997D0357ECF1CE3
HTH4VCR9K3,HTH4VCR9K3.HillTop.Global,Microsoft Edge WebView2,Microsoft Corporation,msedgewebview2.exe,C:\Program Files (x86)\Microsoft\EdgeCore\138.0.3351.83,5F8943C27A00E1FFBCA0F82595BA9634C3790FF0A1D633214485C725117FDB8E,17738D8F77E4202082D30D09F65B598C
HTH4VCR9K3,HTH4VCR9K3.HillTop.Global,Microsoft Edge,Microsoft Corporation,msedge_proxy.exe,C:\Program Files (x86)\Microsoft\EdgeCore\138.0.3351.83,0D8EB5D7BD0D8B5B6D1518A439F0C2B200BE29B60CC8A819599E665C891735BF,C160DD04DD2DA319E36C480E0426607E
HTH4VCR9K3,HTH4VCR9K3.HillTop.Global,Microsoft Edge,Microsoft Corporation,msedge_pwa_launcher.exe,C:\Program Files (x86)\Microsoft\EdgeCore\138.0.3351.83,CE7243239CE1F416CBC68BFB6A04D8A3975EC24438B3A39C717AD306F24BCFC2,76E3321488EDF1A0599D54E84261D0EE
HTH4VCR9K3,HTH4VCR9K3.HillTop.Global,Microsoft Edge,Microsoft Corporation,notification_helper.exe,C:\Program Files (x86)\Microsoft\EdgeCore\138.0.3351.83,0717CDD1CFC5BCF99AC49E1E8B4C3EBA7F63B048B762E74EF81525D3D92E6FDE,2D64B2F26F4C85C77BE33CC76D216D3D
HTH4VCR9K3,HTH4VCR9K3.HillTop.Global,Microsoft Edge,Microsoft Corporation,pwahelper.exe,C:\Program Files (x86)\Microsoft\EdgeCore\138.0.3351.83,DF8A3838C202EF74615D2F3A46B2D447B60EDE03136EFA4950CA50AF9C69AC84,4F5705B6C8FCF638A580FDF488CFB0AE
HTH4VCR9K3,HTH4VCR9K3.HillTop.Global,show_third_party_software_licenses,Unknown,show_third_party_software_licenses.bat,C:\Program Files (x86)\Microsoft\EdgeCore\138.0.3351.83,3E867E263B64592B2DAD5C334B6AA46D0BB46A20AA0DB01C5FF08C707C3E148D,FB20A4564050CD49CB839474EB5AC815
HTH4VCR9K3,HTH4VCR9K3.HillTop.Global,Microsoft Edge,Microsoft Corporation,MicrosoftEdgeComRegisterShellARM64.exe,C:\Program Files (x86)\Microsoft\EdgeUpdate\1.3.195.61,E6E0518993662FE479B0F1D1F2F93C81A2B19C517A007B3FF5B8D1AF5FDAF5C4,1AD4DC4005B4A88D0473358F31491923
HTH4VCR9K3,HTH4VCR9K3.HillTop.Global,Microsoft Edge Update,Microsoft Corporation,MicrosoftEdgeUpdate.exe,C:\Program Files (x86)\Microsoft\EdgeUpdate\1.3.195.61,5CDF1C3C7F72120CA88145D38E48C9E1E6A6BD4EF43021193FD76D98D2F05496,570D4E78E4EF679C9435247685F8A8D3
HTH4VCR9K3,HTH4VCR9K3.HillTop.Global,Microsoft Edge Update,Microsoft Corporation,MicrosoftEdgeUpdateBroker.exe,C:\Program Files (x86)\Microsoft\EdgeUpdate\1.3.195.61,9E259500EBA6A26384161A28A92F2DEDBDD6B1073DE46D8FEC74E03762E031D4,7AE279F8F5FC1A139FC3FA06BF28BC59
HTH4VCR9K3,HTH4VCR9K3.HillTop.Global,Microsoft Edge Update,Microsoft Corporation,MicrosoftEdgeUpdateComRegisterShell64.exe,C:\Program Files (x86)\Microsoft\EdgeUpdate\1.3.195.61,5F2A785AEA8F1EAFD0B473722C95B1178A684734DA79BE28D3A445470F810062,D65C7E1B579CD5ABA05D65D5FF0002AD
HTH4VCR9K3,HTH4VCR9K3.HillTop.Global,Microsoft Edge Update,Microsoft Corporation,MicrosoftEdgeUpdateCore.exe,C:\Program Files (x86)\Microsoft\EdgeUpdate\1.3.195.61,343D488E9AB2269D0679668A96671A2E05DF83E729538762C6E37ECC6E1EF101,66617AF40500C5A895521B6EC042E0E1
HTH4VCR9K3,HTH4VCR9K3.HillTop.Global,Microsoft Edge Update,Microsoft Corporation,MicrosoftEdgeUpdateOnDemand.exe,C:\Program Files (x86)\Microsoft\EdgeUpdate\1.3.195.61,C6EA70D4372A37A6EE06B35C1F6E1B2668B39005FC2D71347BF6FD3BF680B316,B552E2C44C71C93E4AAE5411357BDE40
HTH4VCR9K3,HTH4VCR9K3.HillTop.Global,Microsoft Edge Update,Microsoft Corporation,MicrosoftEdgeUpdateSetup.exe,C:\Program Files (x86)\Microsoft\EdgeUpdate\1.3.195.61,3D22756C17A551C5E3A840325B8944050638F6A420FE55167FC95D4915A8A72B,0FBB10CE5AFB1FF94FEDEDE78949462D
HTH4VCR9K3,HTH4VCR9K3.HillTop.Global,Microsoft Edge Installer,Microsoft Corporation,MicrosoftEdge_X64_138.0.3351.83_138.0.3351.77.exe,C:\Program Files (x86)\Microsoft\EdgeUpdate\Download\{56EB18F8-B008-4CBD-B6D2-8C97FE7E9062}\138.0.3351.83,07EAA10DEF44CCD3E38C28B3DA83021E5A80E7D390982B42A9140E70C5EA67F4,8047BC8901FB75E7A676D62EC2F1962F
HTH4VCR9K3,HTH4VCR9K3.HillTop.Global,Microsoft Edge Installer,Microsoft Corporation,MicrosoftEdge_X64_138.0.3351.83_138.0.3351.77.exe,C:\Program Files (x86)\Microsoft\EdgeUpdate\Download\{F3017226-FE2A-4295-8BDF-00C3A9A7E4C5}\138.0.3351.83,07EAA10DEF44CCD3E38C28B3DA83021E5A80E7D390982B42A9140E70C5EA67F4,8047BC8901FB75E7A676D62EC2F1962F
HTH4VCR9K3,HTH4VCR9K3.HillTop.Global,Microsoft Edge Update,Microsoft Corporation,MicrosoftEdgeUpdateSetup_X86_1.3.195.61.exe,C:\Program Files (x86)\Microsoft\EdgeUpdate\Download\{F3C4FE00-EFD5-403B-9569-398A20F1BA4A}\1.3.195.61,3D22756C17A551C5E3A840325B8944050638F6A420FE55167FC95D4915A8A72B,0FBB10CE5AFB1FF94FEDEDE78949462D
HTH4VCR9K3,HTH4VCR9K3.HillTop.Global,Microsoft Edge Installer,Microsoft Corporation,MicrosoftEdge_X64_138.0.3351.83_138.0.3351.77.exe,C:\Program Files (x86)\Microsoft\EdgeUpdate\Install\{1F8D95E6-B9F8-445F-A49C-39481802EF4F},07EAA10DEF44CCD3E38C28B3DA83021E5A80E7D390982B42A9140E70C5EA67F4,8047BC8901FB75E7A676D62EC2F1962F
HTH4VCR9K3,HTH4VCR9K3.HillTop.Global,Microsoft Edge Installer,Microsoft Corporation,MicrosoftEdge_X64_138.0.3351.83_138.0.3351.77.exe,C:\Program Files (x86)\Microsoft\EdgeUpdate\Install\{6DA6B204-C94C-4AA6-BE08-178FFD7F17E1},07EAA10DEF44CCD3E38C28B3DA83021E5A80E7D390982B42A9140E70C5EA67F4,8047BC8901FB75E7A676D62EC2F1962F
HTH4VCR9K3,HTH4VCR9K3.HillTop.Global,Microsoft Edge Update,Microsoft Corporation,MicrosoftEdgeUpdate.exe,C:\Program Files (x86)\Microsoft\EdgeUpdate,9991BA022173F283EE99068B708F60AC5143FE0C81C9E3673CC7835B108A4F44,B55AD19C6C110E9BF985BC8674F7BCB3
HTH4VCR9K3,HTH4VCR9K3.HillTop.Global,IEToEdge BHO,Microsoft Corporation,ie_to_edge_stub.exe,C:\Program Files (x86)\Microsoft\EdgeWebView\Application\138.0.3351.77\BHO,E68F4BA004DB0C99D4B3E606B1EA07B0A7FA3020051A604CF8645FA3010EFB21,67F2095F6D399A0C0F63F8EFF9709BD1
HTH4VCR9K3,HTH4VCR9K3.HillTop.Global,Microsoft Edge Installer,Microsoft Corporation,setup.exe,C:\Program Files (x86)\Microsoft\EdgeWebView\Application\138.0.3351.77\Installer,FE270D523D37B0316B32006744D60B0D8A8423F271264A6461638B924C48AB78,F2456347319677BF6743DCD750642562
HTH4VCR9K3,HTH4VCR9K3.HillTop.Global,Microsoft Edge,Microsoft Corporation,cookie_exporter.exe,C:\Program Files (x86)\Microsoft\EdgeWebView\Application\138.0.3351.77,2948439CC6ABB0864AA9AF4C5F325C395D9A66C3D1508F800F93D06E1C7968AB,3A36E4F1B435C34488F9EBD8FC93FB8B
HTH4VCR9K3,HTH4VCR9K3.HillTop.Global,Microsoft Edge,Microsoft Corporation,elevated_tracing_service.exe,C:\Program Files (x86)\Microsoft\EdgeWebView\Application\138.0.3351.77,304D96F63E7C86C6F6EEB89C649047EC98B481231999A8CB0D76A8D44196D364,ADB67954E066ACE4742B4F78D93F4EA2
HTH4VCR9K3,HTH4VCR9K3.HillTop.Global,Microsoft Edge,Microsoft Corporation,elevation_service.exe,C:\Program Files (x86)\Microsoft\EdgeWebView\Application\138.0.3351.77,9A00BF041C250320F45ADA22A3E54A63B8F5C6EE82098CDF6AA4A16CDCA8EA25,64D090484FBCD1B5FE77026DA944A3E5
HTH4VCR9K3,HTH4VCR9K3.HillTop.Global,Microsoft Edge,Microsoft Corporation,identity_helper.exe,C:\Program Files (x86)\Microsoft\EdgeWebView\Application\138.0.3351.77,3DABDB3B0D7FAA706784DBF19023BD2F5B4B7B191EFCE69C95DE32BC8FE8CE63,B4911C2D94C25A75374FEED529E00944
HTH4VCR9K3,HTH4VCR9K3.HillTop.Global,Microsoft Edge,Microsoft Corporation,msedge.exe,C:\Program Files (x86)\Microsoft\EdgeWebView\Application\138.0.3351.77,3BF77625B73F9D94D13E06B05407A4B1F9B15EEF925B8390B4374536ACBDBAFB,596F753A3BBD2EC193811FA7680B363F
HTH4VCR9K3,HTH4VCR9K3.HillTop.Global,Microsoft Edge WebView2,Microsoft Corporation,msedgewebview2.exe,C:\Program Files (x86)\Microsoft\EdgeWebView\Application\138.0.3351.77,CAF0FC795287F70E2FB64C6081866934D4E4DFF52B21134818014AB9191D5B85,34B3CE300A2C56FEB2DF4353E7C8C56F
HTH4VCR9K3,HTH4VCR9K3.HillTop.Global,Microsoft Edge,Microsoft Corporation,msedge_proxy.exe,C:\Program Files (x86)\Microsoft\EdgeWebView\Application\138.0.3351.77,98AF7C7B1D59549BD6D3F46E512F0C39947AC0A117ED2ED018F4207E2803A0A9,50F504C242DDE0904E3178432AD9FC26
HTH4VCR9K3,HTH4VCR9K3.HillTop.Global,Microsoft Edge,Microsoft Corporation,msedge_pwa_launcher.exe,C:\Program Files (x86)\Microsoft\EdgeWebView\Application\138.0.3351.77,1E23B4CE12FD31E143A6D7FE2FA2D3E8C1E6A874C2B3595913D77F3BE9DEFC5C,4F2F37D9207224E766204F66F95CCE7A
HTH4VCR9K3,HTH4VCR9K3.HillTop.Global,Microsoft Edge,Microsoft Corporation,notification_helper.exe,C:\Program Files (x86)\Microsoft\EdgeWebView\Application\138.0.3351.77,B0B1647AB68CA408F7E5E43E6CD6D74B94FDDC88E38592B9F36B6D499FBC3E84,3916B585CAE46C31529FE98E0E3B9488
HTH4VCR9K3,HTH4VCR9K3.HillTop.Global,Microsoft Edge,Microsoft Corporation,pwahelper.exe,C:\Program Files (x86)\Microsoft\EdgeWebView\Application\138.0.3351.77,C412034270C2BC0DC5FBE08BA2054A8D01F642AB12365EE85A4C4D1602054551,ACE7C5BE3BEB7C64F27968B937613B2A
HTH4VCR9K3,HTH4VCR9K3.HillTop.Global,show_third_party_software_licenses,Unknown,show_third_party_software_licenses.bat,C:\Program Files (x86)\Microsoft\EdgeWebView\Application\138.0.3351.77,3E867E263B64592B2DAD5C334B6AA46D0BB46A20AA0DB01C5FF08C707C3E148D,FB20A4564050CD49CB839474EB5AC815
HTH4VCR9K3,HTH4VCR9K3.HillTop.Global,IEToEdge BHO,Microsoft Corporation,ie_to_edge_stub.exe,C:\Program Files (x86)\Microsoft\EdgeWebView\Application\138.0.3351.83\BHO,F1AB1C21189258CC24B3B565F24688A8F9E483F765CD9D80275F6DC44724F101,CD3A5013FCC735D3679EBD0F17300A67
HTH4VCR9K3,HTH4VCR9K3.HillTop.Global,Microsoft Edge Installer,Microsoft Corporation,setup.exe,C:\Program Files (x86)\Microsoft\EdgeWebView\Application\138.0.3351.83\Installer,64E3151CC98532479F80B98FD8F4A3E867772D0E1B055B52BC7B2D70B8A97D19,5A2CA087CDD453065DBD3E04887436DA
HTH4VCR9K3,HTH4VCR9K3.HillTop.Global,Microsoft Edge,Microsoft Corporation,cookie_exporter.exe,C:\Program Files (x86)\Microsoft\EdgeWebView\Application\138.0.3351.83,225E2F1CF200ADEB117063835E0E4FDB7F2CF0A4F66884AD7D99471F395E48C4,E87DD7282456AE8496E3A5A9A04D8EA8
HTH4VCR9K3,HTH4VCR9K3.HillTop.Global,Microsoft Edge,Microsoft Corporation,elevated_tracing_service.exe,C:\Program Files (x86)\Microsoft\EdgeWebView\Application\138.0.3351.83,C88604452F4A246BA07D5B8F02283988282CDA5A0CD542E03A0D0B9E7359FE8E,27482A9EFA034731738DF2465CAB2263
HTH4VCR9K3,HTH4VCR9K3.HillTop.Global,Microsoft Edge,Microsoft Corporation,elevation_service.exe,C:\Program Files (x86)\Microsoft\EdgeWebView\Application\138.0.3351.83,63F91265CF374D85B364B9033416452872F02DFA5ACD0B61D018F44A0CA6D2B4,0F1B7E620D7E702B53D4FA6166F342D7
HTH4VCR9K3,HTH4VCR9K3.HillTop.Global,Microsoft Edge,Microsoft Corporation,identity_helper.exe,C:\Program Files (x86)\Microsoft\EdgeWebView\Application\138.0.3351.83,B6AD32CBF0C39F14CA83B765F802153F0E52E5F168BC3B8B036F4071F7809180,DD104539F4696FE47B5962A398175186
HTH4VCR9K3,HTH4VCR9K3.HillTop.Global,Microsoft Edge,Microsoft Corporation,msedge.exe,C:\Program Files (x86)\Microsoft\EdgeWebView\Application\138.0.3351.83,7CD071957C8786F8441094F9D66F1A2CE9393CBD4E94C1BFF09BB438DD366773,561E49F7FB2C4ADCA997D0357ECF1CE3
HTH4VCR9K3,HTH4VCR9K3.HillTop.Global,Microsoft Edge WebView2,Microsoft Corporation,msedgewebview2.exe,C:\Program Files (x86)\Microsoft\EdgeWebView\Application\138.0.3351.83,5F8943C27A00E1FFBCA0F82595BA9634C3790FF0A1D633214485C725117FDB8E,17738D8F77E4202082D30D09F65B598C
HTH4VCR9K3,HTH4VCR9K3.HillTop.Global,Microsoft Edge,Microsoft Corporation,msedge_proxy.exe,C:\Program Files (x86)\Microsoft\EdgeWebView\Application\138.0.3351.83,0D8EB5D7BD0D8B5B6D1518A439F0C2B200BE29B60CC8A819599E665C891735BF,C160DD04DD2DA319E36C480E0426607E
HTH4VCR9K3,HTH4VCR9K3.HillTop.Global,Microsoft Edge,Microsoft Corporation,msedge_pwa_launcher.exe,C:\Program Files (x86)\Microsoft\EdgeWebView\Application\138.0.3351.83,CE7243239CE1F416CBC68BFB6A04D8A3975EC24438B3A39C717AD306F24BCFC2,76E3321488EDF1A0599D54E84261D0EE
HTH4VCR9K3,HTH4VCR9K3.HillTop.Global,Microsoft Edge,Microsoft Corporation,notification_helper.exe,C:\Program Files (x86)\Microsoft\EdgeWebView\Application\138.0.3351.83,0717CDD1CFC5BCF99AC49E1E8B4C3EBA7F63B048B762E74EF81525D3D92E6FDE,2D64B2F26F4C85C77BE33CC76D216D3D
HTH4VCR9K3,HTH4VCR9K3.HillTop.Global,Microsoft Edge,Microsoft Corporation,pwahelper.exe,C:\Program Files (x86)\Microsoft\EdgeWebView\Application\138.0.3351.83,DF8A3838C202EF74615D2F3A46B2D447B60EDE03136EFA4950CA50AF9C69AC84,4F5705B6C8FCF638A580FDF488CFB0AE
HTH4VCR9K3,HTH4VCR9K3.HillTop.Global,show_third_party_software_licenses,Unknown,show_third_party_software_licenses.bat,C:\Program Files (x86)\Microsoft\EdgeWebView\Application\138.0.3351.83,3E867E263B64592B2DAD5C334B6AA46D0BB46A20AA0DB01C5FF08C707C3E148D,FB20A4564050CD49CB839474EB5AC815
HTH4VCR9K3,HTH4VCR9K3.HillTop.Global,ExtensionNativeHost,Unknown,ExtensionNativeHost.exe,C:\Program Files (x86)\Microsoft\Microsoft Search in Bing,A3C9C5EBCE65785778AF19B1FC3E95B6BC110608496D5EB6A6572CAC5C3CC4CD,17F21F039ED7898B0268E90A8A6085FA
HTH4VCR9K3,HTH4VCR9K3.HillTop.Global,MainExtBootStrap,Unknown,MainExtBootStrap.exe,C:\Program Files (x86)\Microsoft\Microsoft Search in Bing,C117B6D1B859D00C3319EA2BB4B4665A00E95EA61979C92564B1F0B7B197B18C,4BF3C7788C6CEF405E4CE09D5EDF05AA
HTH4VCR9K3,HTH4VCR9K3.HillTop.Global,MicrosoftSearchInBing,Unknown,MicrosoftSearchInBing.exe,C:\Program Files (x86)\Microsoft\Microsoft Search in Bing,77B990CB81CF51BF1BA80BBA23EF5F5161309F74418BAC8A3AE930EB85EF5374,3F3B0223CBA01746962CCD3C18C39F9B
HTH4VCR9K3,HTH4VCR9K3.HillTop.Global,RemoveMSBExtenison,Unknown,RemoveMSBextension.exe,C:\Program Files (x86)\Microsoft\Microsoft Search in Bing,EB3751B21899FA4DBBC71D1A986FB7307D260018A219E2FE19C3234C89421DDE,BC4787A2BFF54D5B97081443D24DFB46
HTH4VCR9K3,HTH4VCR9K3.HillTop.Global,UninstallService,Unknown,UninstallService.exe,C:\Program Files (x86)\Microsoft\Microsoft Search in Bing,CD82043D0DD768BA5A7CD806D2BD9D88AB3B111C657C7F03D7162D5FEDC24DAD,C2B43C9FF13E69D251E974C97943A2A2
HTH4VCR9K3,HTH4VCR9K3.HillTop.Global,Microsoft SQL Server,Microsoft Corporation,SQLDumper.exe,C:\Program Files (x86)\Microsoft Analysis Services\AS OLEDB\140,1759A63FCF3515A63DA5F74123F725F7CC11271390A34F833EBDBA19B5936808,7A906ADF4D49B11D9F0C72BE24E05F17
HTH4VCR9K3,HTH4VCR9K3.HillTop.Global,Microsoft Configuration Manager,Microsoft Corporation,CMCabSigner.exe,C:\Program Files (x86)\Microsoft Configuration Manager\bin\i386,65082C890F8591578F00CEA53C0CED7917B9784B20DE9F068D91BD0B179BA7FA,DDC743E55E05A5AAC0BD3E6B7FBC8AF9
HTH4VCR9K3,HTH4VCR9K3.HillTop.Global,Microsoft Configuration Manager,Microsoft Corporation,CmRcViewer.exe,C:\Program Files (x86)\Microsoft Configuration Manager\bin\i386,6AD666D2613CC88A35483DAB1154FD2D26AD58F9AFC0CB5A914E3366B35A3FB1,2C61AC8ABCEC5A28A08AC1985A5A6952
HTH4VCR9K3,HTH4VCR9K3.HillTop.Global,Microsoft Configuration Manager,Microsoft Corporation,OSDSetDynamicVariables.exe,C:\Program Files (x86)\Microsoft Configuration Manager\OSD\bin\i386,AD8BB4CA52E618B378BEC2366149351BFA9B252FF5AA989B2B75856C6CE2B954,AEB83387CF9955712555D8FEA6D1FEA3
HTH4VCR9K3,HTH4VCR9K3.HillTop.Global,Microsoft Configuration Manager,Microsoft Corporation,OsdSetupWindows.exe,C:\Program Files (x86)\Microsoft Configuration Manager\OSD\bin\i386,F4AD9CC3CA58C4CDBD2BD90EDC845E73BCC7A0C2A36E7B187614F2A098BBA162,35BEFB12CCDC512CF239509421262A25
HTH4VCR9K3,HTH4VCR9K3.HillTop.Global,Microsoft Configuration Manager,Microsoft Corporation,OsdSmpClient.exe,C:\Program Files (x86)\Microsoft Configuration Manager\OSD\bin\i386,D66015AF624D8D4B6EA126E54CD10EA7AF1FCBED72FF3699DCEB3F7EAD0BE3E8,4BDAF8DDF2AB29C02BF9FDA05E381E4F
HTH4VCR9K3,HTH4VCR9K3.HillTop.Global,Microsoft Configuration Manager,Microsoft Corporation,OSDUpgradeOS.exe,C:\Program Files (x86)\Microsoft Configuration Manager\OSD\bin\i386,6EEADF91C92BA740E091260499A9E347D1E533816D1EB7D3B0C9ECF0ED33D0C0,114A09819D9FCE77D3A136D389EE6D0E
HTH4VCR9K3,HTH4VCR9K3.HillTop.Global,Microsoft Configuration Manager,Microsoft Corporation,OsdWinSettings.exe,C:\Program Files (x86)\Microsoft Configuration Manager\OSD\bin\i386,AA11C957F5811CDF76CC60EB321839227D7AC1E95F4F0AA6369D3B364C91A511,F17F4482155D55B53A977DA2EC89B889
HTH4VCR9K3,HTH4VCR9K3.HillTop.Global,Microsoft Configuration Manager,Microsoft Corporation,smsappinstall.exe,C:\Program Files (x86)\Microsoft Configuration Manager\OSD\bin\i386,18023163C7AA749DA25A48236CFA99C0D73868D7C978AF1244EFD9210F197FE1,F72C1770ACF7AAA59EDB61E4CC576480
HTH4VCR9K3,HTH4VCR9K3.HillTop.Global,Microsoft Configuration Manager,Microsoft Corporation,smsboot.exe,C:\Program Files (x86)\Microsoft Configuration Manager\OSD\bin\i386,3488DF3C77A656F3763DDB4ADB2875712DC4E201BE7F0D032B8B765030C2CC79,875985CC7B879EBEBEF224C3F7830A1D
HTH4VCR9K3,HTH4VCR9K3.HillTop.Global,Microsoft Configuration Manager,Microsoft Corporation,smsnetuse.exe,C:\Program Files (x86)\Microsoft Configuration Manager\OSD\bin\i386,44DC0B9BFC0F587009FE19E14F225148D04B54FE13637FA2CF7954FC08AD66EF,708E86F125EA5AA3CC0AAB5282A60F59
HTH4VCR9K3,HTH4VCR9K3.HillTop.Global,Microsoft Configuration Manager,Microsoft Corporation,smsswd.exe,C:\Program Files (x86)\Microsoft Configuration Manager\OSD\bin\i386,5482F0DD19D9F36498E4B76E72ADB420A3AE14072861D3FB11AC2F4BDCE33721,96CE9B8DDD2485F1C1A2ECC58DCADDFC
HTH4VCR9K3,HTH4VCR9K3.HillTop.Global,Microsoft Configuration Manager,Microsoft Corporation,TsBootShell.exe,C:\Program Files (x86)\Microsoft Configuration Manager\OSD\bin\i386,DD3C50A1CFEB519B656115E5CDBD8954F8CAC731177B9CBE0EBC02DF8BEDD6FE,3EC71B24CDB0A846948084A445F0B5F9
HTH4VCR9K3,HTH4VCR9K3.HillTop.Global,Microsoft Configuration Manager,Microsoft Corporation,TSD.exe,C:\Program Files (x86)\Microsoft Configuration Manager\OSD\bin\i386,5CDD794BFAB35CC02522A7FE4FF77A85FEF9E75234CA516EC09BA55E6497D07F,1A3E4CE73B430C9475BFCEBB7F0225A7
HTH4VCR9K3,HTH4VCR9K3.HillTop.Global,Microsoft Configuration Manager,Microsoft Corporation,TSEnv.exe,C:\Program Files (x86)\Microsoft Configuration Manager\OSD\bin\i386,87A28878C6D0A8B3EA7CFEE7C366316BD4F5BD7803223E0C94D5D70DFBDAB8F4,D05430C1249750736B09A57ED472F879
HTH4VCR9K3,HTH4VCR9K3.HillTop.Global,Microsoft Configuration Manager,Microsoft Corporation,TsInstallSWUpdate.exe,C:\Program Files (x86)\Microsoft Configuration Manager\OSD\bin\i386,590DB9F32E04F0FBFAD61F393B57D9EB2755570DDB15045FD115127D1E7D2D86,A216F0B54298D460494ABDF535EEF924
HTH4VCR9K3,HTH4VCR9K3.HillTop.Global,Microsoft Configuration Manager,Microsoft Corporation,TsManager.exe,C:\Program Files (x86)\Microsoft Configuration Manager\OSD\bin\i386,99C8AE7F543263C6804D7B4CA698B777B4242277CBF7F3E2245617AD4D3619A8,83D658FB9B3456A0A2FC918D521F267E
HTH4VCR9K3,HTH4VCR9K3.HillTop.Global,Microsoft Configuration Manager,Microsoft Corporation,TSMBAutorun.exe,C:\Program Files (x86)\Microsoft Configuration Manager\OSD\bin\i386,98739AED8FE36814487707BB294338EB23B43F31D4F4A8A7793425C73D26DBC1,70EB7535AA7E41D61795C5FB0AB47C26
HTH4VCR9K3,HTH4VCR9K3.HillTop.Global,Microsoft Configuration Manager,Microsoft Corporation,TsmBootstrap.exe,C:\Program Files (x86)\Microsoft Configuration Manager\OSD\bin\i386,DCA1C25F7082882E49AEE9F723CB52EB450DC7ED785311E4CEF61A6564CEA91F,CA8B95BDFBB8662297A05CD1E56F798E
HTH4VCR9K3,HTH4VCR9K3.HillTop.Global,Microsoft Configuration Manager,Microsoft Corporation,TSPLaunch.exe,C:\Program Files (x86)\Microsoft Configuration Manager\OSD\bin\i386,093953CABC97280D41078A3478B3D0CFDA9505F2C425A534B68BC612178788C0,8B6BCF5322D56815F6C065B4365805BB
HTH4VCR9K3,HTH4VCR9K3.HillTop.Global,Microsoft Configuration Manager,Microsoft Corporation,TsProgressUI.exe,C:\Program Files (x86)\Microsoft Configuration Manager\OSD\bin\i386,3F5EB01F0A89683246241F9E65925BD2ED241EAE0104D93229A1AB56C701139F,CCEC30C8F264153E5ED1FE8DC6A03240
HTH4VCR9K3,HTH4VCR9K3.HillTop.Global,Microsoft Configuration Manager,Microsoft Corporation,OSDBitLocker.exe,C:\Program Files (x86)\Microsoft Configuration Manager\OSD\bin\x64,6D51AE3CCE683D17AC772EB1B0DE8705059F7F8A86972C598710355C59FB841F,57DB255F36683CDC2AF568E2A5595DDF
HTH4VCR9K3,HTH4VCR9K3.HillTop.Global,Microsoft Configuration Manager,Microsoft Corporation,OSDBitLocker_wtg.exe,C:\Program Files (x86)\Microsoft Configuration Manager\OSD\bin\x64,0C71179096EA9D13B98DA193DC2C79F5472B929801FA00E2E2C84B3E2BD4A0B4,26AD98627E3C6F6D6B36626155787A20
HTH4VCR9K3,HTH4VCR9K3.HillTop.Global,Microsoft Configuration Manager,Microsoft Corporation,OsdCaptureCd.exe,C:\Program Files (x86)\Microsoft Configuration Manager\OSD\bin\x64,F1690DB02099EE311A9C2C88C05C09B25F50337207422EB6FBB4EFB7D54B1026,09409BAD2FBD7A593504365350F960D5
HTH4VCR9K3,HTH4VCR9K3.HillTop.Global,Microsoft Configuration Manager,Microsoft Corporation,OsdDiskPart.exe,C:\Program Files (x86)\Microsoft Configuration Manager\OSD\bin\x64,833A0B282F18ED7315DE04A7090EA1473FF7E6BABEC0ECDC2A66738677674299,BEB6D3EAB0803068FAE6CA8A0F83EAD9
HTH4VCR9K3,HTH4VCR9K3.HillTop.Global,Microsoft Configuration Manager,Microsoft Corporation,OSDDownloadContent.exe,C:\Program Files (x86)\Microsoft Configuration Manager\OSD\bin\x64,B00899B81C231052D0738FDDA0E2D3F2792A8FF53D4EB4A5F580615BB85ABE76,071D287E0EC724607E1AAD741CA54384
HTH4VCR9K3,HTH4VCR9K3.HillTop.Global,Microsoft Configuration Manager,Microsoft Corporation,OsdJoin.exe,C:\Program Files (x86)\Microsoft Configuration Manager\OSD\bin\x64,F1701B21519EFFA974FC701BEEF09D4E18078A326EE09899DE2D3A8A819D91FA,2280E41A22860BE26029489DC5FD21FB
HTH4VCR9K3,HTH4VCR9K3.HillTop.Global,Microsoft Configuration Manager,Microsoft Corporation,OsdMigrateUserState.exe,C:\Program Files (x86)\Microsoft Configuration Manager\OSD\bin\x64,60ECFC27987B198B878807E3BACBEE646BBF5DBC0B96ECB82A2718397FD31E30,3F675A775CAA7D2150DC59A81DE6BB7D
HTH4VCR9K3,HTH4VCR9K3.HillTop.Global,Microsoft Configuration Manager,Microsoft Corporation,OsdNetSettings.exe,C:\Program Files (x86)\Microsoft Configuration Manager\OSD\bin\x64,4C689284033F569A623A2D0F535823B55C6B7530ABBFF242492CE730496DAF45,4E3459824543416E746CB27198DCF8A3
HTH4VCR9K3,HTH4VCR9K3.HillTop.Global,Microsoft Configuration Manager,Microsoft Corporation,OsdPrepareOS.exe,C:\Program Files (x86)\Microsoft Configuration Manager\OSD\bin\x64,9B4F3C1042CF14D1DC1140027A2A79817FDB2B1C40FE362DF4CA2806570E29B1,96131FAFACF44458A9FDD2C2B87D03BE
HTH4VCR9K3,HTH4VCR9K3.HillTop.Global,Microsoft Configuration Manager,Microsoft Corporation,OsdPrepareSmsClient.exe,C:\Program Files (x86)\Microsoft Configuration Manager\OSD\bin\x64,9EE598FD3E93B6C45BE2F8D38880C0C2DDC01C492C2A00A62C1EFF96ED9ED300,EF4D2A9BCFA2D37BF0D1726287BBE9D0
HTH4VCR9K3,HTH4VCR9K3.HillTop.Global,Microsoft Configuration Manager,Microsoft Corporation,OsdPrestartCheck.exe,C:\Program Files (x86)\Microsoft Configuration Manager\OSD\bin\x64,EF737834424169A1A906A9E0B0DB279987A29FD438456FAFEDEFC70DB06E3DBC,C0A5F6F6A7A6B6D9FC2FCA64182D6BC8
HTH4VCR9K3,HTH4VCR9K3.HillTop.Global,Microsoft Configuration Manager,Microsoft Corporation,OSDRunPowerShellScript.exe,C:\Program Files (x86)\Microsoft Configuration Manager\OSD\bin\x64,05B28998F67FB187020E25242BB8D1AD194850B567DD640BCDCBB82C318D349F,BDC81468A6F3C4CB8D9C5B9B1B2AE33A
HTH4VCR9K3,HTH4VCR9K3.HillTop.Global,Microsoft Configuration Manager,Microsoft Corporation,OSDSetDynamicVariables.exe,C:\Program Files (x86)\Microsoft Configuration Manager\OSD\bin\x64,7E58C6C5A56C562294B3E77E73FF6C05CC184372704AE38A4191A34B0D6D5A7A,1E48DCA87EDBDEB536CFFF297679BCBF
HTH4VCR9K3,HTH4VCR9K3.HillTop.Global,Microsoft Configuration Manager,Microsoft Corporation,OsdSetupWindows.exe,C:\Program Files (x86)\Microsoft Configuration Manager\OSD\bin\x64,B33F70B3DF7E6568665BABB0CBE661C3A15180E9E9380AC2CEE695CDA1461D52,23A0D36EDA4938F2164607ED0F22059C

